device_id,date,time,temperature,RH,PM2.5,lat,lon
08BEAC0A0880,2025-06-07,00:01:26,31.3,100.0,3.0,23.7224119,120.3083761
08BEAC0A04EE,2025-06-07,00:01:50,30.0,100.0,16.0,24.301515898772,120.71125566959
08BEAC0A0420,2025-06-07,00:04:42,31.0,100.0,12.0,24.184925,120.667711
08BEAC0A07A2,2025-06-07,00:04:54,30.8,100.0,22.0,25.10392038,121.2447143
08BEAC0A085E,2025-06-07,00:05:03,30.2,100.0,6.0,23.1428708,120.2732881
08BEAC0A0880,2025-06-07,00:06:41,31.7,100.0,2.0,23.7224119,120.3083761
08BEAC0A04EE,2025-06-07,00:07:07,30.0,100.0,17.0,24.301515898772,120.71125566959
08BEAC0A0420,2025-06-07,00:09:57,31.1,100.0,11.0,24.184925,120.667711
08BEAC0A07A2,2025-06-07,00:10:09,30.8,100.0,23.0,25.10392038,121.2447143
08BEAC0A085E,2025-06-07,00:10:19,30.2,100.0,7.0,23.1428708,120.2732881
08BEAC0A0880,2025-06-07,00:11:58,31.6,100.0,3.0,23.7224119,120.3083761
08BEAC0A04EE,2025-06-07,00:12:21,30.1,100.0,17.0,24.301515898772,120.71125566959
08BEAC0A0420,2025-06-07,00:15:14,31.2,100.0,12.0,24.184925,120.667711
08BEAC0A07A2,2025-06-07,00:15:26,31.1,100.0,25.0,25.10392038,121.2447143
08BEAC0A085E,2025-06-07,00:15:33,30.5,100.0,7.0,23.1428708,120.2732881
08BEAC0A0880,2025-06-07,00:17:12,31.2,100.0,2.0,23.7224119,120.3083761
08BEAC0A04EE,2025-06-07,00:17:38,30.3,100.0,16.0,24.301515898772,120.71125566959
08BEAC0A0420,2025-06-07,00:20:28,31.2,100.0,12.0,24.184925,120.667711
08BEAC0A07A2,2025-06-07,00:20:40,31.1,100.0,36.0,25.10392038,121.2447143
08BEAC0A085E,2025-06-07,00:20:49,30.6,100.0,6.0,23.1428708,120.2732881
08BEAC0A0880,2025-06-07,00:22:26,31.0,100.0,2.0,23.7224119,120.3083761
08BEAC0A04EE,2025-06-07,00:22:51,30.5,100.0,15.0,24.301515898772,120.71125566959
08BEAC0A07A2,2025-06-07,00:25:55,31.1,100.0,37.0,25.10392038,121.2447143
08BEAC0A085E,2025-06-07,00:26:05,30.8,100.0,6.0,23.1428708,120.2732881
08BEAC0A0880,2025-06-07,00:27:42,30.8,100.0,2.0,23.7224119,120.3083761
08BEAC0A04EE,2025-06-07,00:28:07,30.7,100.0,16.0,24.301515898772,120.71125566959
08BEAC0A0420,2025-06-07,00:30:51,31.2,100.0,11.0,24.184925,120.667711
08BEAC0A07A2,2025-06-07,00:31:10,31.1,100.0,36.0,25.10392038,121.2447143
08BEAC0A085E,2025-06-07,00:31:21,31.0,100.0,7.0,23.1428708,120.2732881
08BEAC0A0880,2025-06-07,00:32:58,30.8,100.0,2.0,23.7224119,120.3083761
08BEAC0A04EE,2025-06-07,00:33:20,30.7,100.0,16.0,24.301515898772,120.71125566959
08BEAC0A0420,2025-06-07,00:36:09,31.2,100.0,11.0,24.184925,120.667711
08BEAC0A07A2,2025-06-07,00:36:25,31.1,100.0,35.0,25.10392038,121.2447143
08BEAC0A085E,2025-06-07,00:36:35,31.0,100.0,6.0,23.1428708,120.2732881
08BEAC0A0880,2025-06-07,00:38:11,30.8,100.0,3.0,23.7224119,120.3083761
08BEAC0A04EE,2025-06-07,00:38:34,30.6,100.0,17.0,24.301515898772,120.71125566959
08BEAC0A0420,2025-06-07,00:41:24,31.6,100.0,9.0,24.184925,120.667711
08BEAC0A07A2,2025-06-07,00:41:39,31.1,100.0,36.0,25.10392038,121.2447143
08BEAC0A085E,2025-06-07,00:41:50,31.1,100.0,6.0,23.1428708,120.2732881
08BEAC0A0880,2025-06-07,00:43:27,30.7,100.0,3.0,23.7224119,120.3083761
08BEAC0A04EE,2025-06-07,00:43:49,30.6,100.0,18.0,24.301515898772,120.71125566959
08BEAC0A0420,2025-06-07,00:46:42,31.5,100.0,9.0,24.184925,120.667711
08BEAC0A07A2,2025-06-07,00:46:58,31.1,100.0,38.0,25.10392038,121.2447143
08BEAC0A085E,2025-06-07,00:47:04,31.2,100.0,7.0,23.1428708,120.2732881
08BEAC0A0880,2025-06-07,00:48:41,30.8,100.0,2.0,23.7224119,120.3083761
08BEAC0A04EE,2025-06-07,00:49:03,30.8,100.0,16.0,24.301515898772,120.71125566959
08BEAC0A0420,2025-06-07,00:51:58,31.6,100.0,9.0,24.184925,120.667711
08BEAC0A07A2,2025-06-07,00:52:11,31.2,100.0,35.0,25.10392038,121.2447143
08BEAC0A085E,2025-06-07,00:52:18,31.3,100.0,7.0,23.1428708,120.2732881
08BEAC0A0880,2025-06-07,00:53:57,30.8,100.0,2.0,23.7224119,120.3083761
08BEAC0A04EE,2025-06-07,00:54:17,30.6,100.0,15.0,24.301515898772,120.71125566959
08BEAC0A0420,2025-06-07,00:57:12,31.7,100.0,8.0,24.184925,120.667711
08BEAC0A07A2,2025-06-07,00:57:26,31.2,100.0,37.0,25.10392038,121.2447143
08BEAC0A085E,2025-06-07,00:57:33,31.3,100.0,8.0,23.1428708,120.2732881
08BEAC0A0880,2025-06-07,00:59:10,30.8,100.0,2.0,23.7224119,120.3083761
08BEAC0A04EE,2025-06-07,00:59:32,30.5,100.0,16.0,24.301515898772,120.71125566959
08BEAC0A0420,2025-06-07,01:02:26,32.0,100.0,8.0,24.184925,120.667711
08BEAC0A07A2,2025-06-07,01:02:40,31.1,100.0,35.0,25.10392038,121.2447143
08BEAC0A085E,2025-06-07,01:02:46,31.3,100.0,8.0,23.1428708,120.2732881
08BEAC0A0880,2025-06-07,01:04:25,31.1,100.0,2.0,23.7224119,120.3083761
08BEAC0A04EE,2025-06-07,01:04:48,30.8,100.0,14.0,24.301515898772,120.71125566959
08BEAC0A0420,2025-06-07,01:07:40,32.0,100.0,9.0,24.184925,120.667711
08BEAC0A07A2,2025-06-07,01:07:53,31.2,100.0,36.0,25.10392038,121.2447143
08BEAC0A085E,2025-06-07,01:08:00,31.3,100.0,9.0,23.1428708,120.2732881
08BEAC0A0880,2025-06-07,01:09:40,31.7,100.0,2.0,23.7224119,120.3083761
08BEAC0A04EE,2025-06-07,01:10:01,31.1,100.0,12.0,24.301515898772,120.71125566959
08BEAC0A0420,2025-06-07,01:12:55,31.7,100.0,10.0,24.184925,120.667711
08BEAC0A07A2,2025-06-07,01:13:08,31.1,100.0,36.0,25.10392038,121.2447143
08BEAC0A085E,2025-06-07,01:13:15,31.5,100.0,8.0,23.1428708,120.2732881
08BEAC0A0880,2025-06-07,01:14:57,32.1,100.0,3.0,23.7224119,120.3083761
08BEAC0A04EE,2025-06-07,01:15:14,31.1,100.0,13.0,24.301515898772,120.71125566959
08BEAC0A0420,2025-06-07,01:18:10,31.7,100.0,9.0,24.184925,120.667711
08BEAC0A07A2,2025-06-07,01:18:22,31.1,100.0,35.0,25.10392038,121.2447143
08BEAC0A085E,2025-06-07,01:18:30,31.5,100.0,7.0,23.1428708,120.2732881
08BEAC0A0880,2025-06-07,01:20:13,32.0,100.0,2.0,23.7224119,120.3083761
08BEAC0A04EE,2025-06-07,01:20:28,31.1,100.0,11.0,24.301515898772,120.71125566959
08BEAC0A07A2,2025-06-07,01:23:38,31.2,100.0,36.0,25.10392038,121.2447143
08BEAC0A085E,2025-06-07,01:23:47,31.6,100.0,6.0,23.1428708,120.2732881
08BEAC0A0880,2025-06-07,01:25:27,31.2,100.0,3.0,23.7224119,120.3083761
08BEAC0A04EE,2025-06-07,01:25:42,31.5,100.0,11.0,24.301515898772,120.71125566959
08BEAC0A0420,2025-06-07,01:28:35,32.0,100.0,9.0,24.184925,120.667711
08BEAC0A07A2,2025-06-07,01:28:59,31.2,100.0,35.0,25.10392038,121.2447143
08BEAC0A085E,2025-06-07,01:29:02,31.7,100.0,6.0,23.1428708,120.2732881
08BEAC0A0880,2025-06-07,01:30:44,30.7,100.0,2.0,23.7224119,120.3083761
08BEAC0A04EE,2025-06-07,01:30:57,31.7,100.0,11.0,24.301515898772,120.71125566959
08BEAC0A0420,2025-06-07,01:33:49,32.2,100.0,9.0,24.184925,120.667711
08BEAC0A085E,2025-06-07,01:34:16,31.8,100.0,6.0,23.1428708,120.2732881
08BEAC0A0880,2025-06-07,01:35:59,30.6,100.0,2.0,23.7224119,120.3083761
08BEAC0A04EE,2025-06-07,01:36:11,31.8,100.0,13.0,24.301515898772,120.71125566959
08BEAC0A0420,2025-06-07,01:39:05,32.0,100.0,10.0,24.184925,120.667711
08BEAC0A085E,2025-06-07,01:39:30,32.0,100.0,7.0,23.1428708,120.2732881
08BEAC0A07A2,2025-06-07,01:39:55,31.3,100.0,38.0,25.10392038,121.2447143
08BEAC0A0880,2025-06-07,01:41:15,30.3,100.0,2.0,23.7224119,120.3083761
08BEAC0A04EE,2025-06-07,01:41:27,31.7,100.0,14.0,24.301515898772,120.71125566959
08BEAC0A0420,2025-06-07,01:44:18,31.8,100.0,8.0,24.184925,120.667711
08BEAC0A085E,2025-06-07,01:44:45,31.8,100.0,9.0,23.1428708,120.2732881
08BEAC0A07A2,2025-06-07,01:45:09,31.2,100.0,39.0,25.10392038,121.2447143
08BEAC0A0880,2025-06-07,01:46:29,30.2,100.0,2.0,23.7224119,120.3083761
08BEAC0A04EE,2025-06-07,01:46:41,31.2,100.0,14.0,24.301515898772,120.71125566959
08BEAC0A085E,2025-06-07,01:49:59,31.7,100.0,9.0,23.1428708,120.2732881
08BEAC0A07A2,2025-06-07,01:50:29,31.2,100.0,40.0,25.10392038,121.2447143
08BEAC0A0880,2025-06-07,01:51:45,30.2,100.0,2.0,23.7224119,120.3083761
08BEAC0A04EE,2025-06-07,01:51:56,31.0,100.0,12.0,24.301515898772,120.71125566959
08BEAC0A0420,2025-06-07,01:54:42,31.8,100.0,9.0,24.184925,120.667711
08BEAC0A085E,2025-06-07,01:55:13,31.7,100.0,7.0,23.1428708,120.2732881
08BEAC0A07A2,2025-06-07,01:55:46,31.2,100.0,39.0,25.10392038,121.2447143
08BEAC0A0880,2025-06-07,01:57:02,30.2,100.0,2.0,23.7224119,120.3083761
08BEAC0A04EE,2025-06-07,01:57:10,31.0,100.0,12.0,24.301515898772,120.71125566959
08BEAC0A0420,2025-06-07,02:00:01,31.8,100.0,8.0,24.184925,120.667711
08BEAC0A085E,2025-06-07,02:00:27,31.7,100.0,6.0,23.1428708,120.2732881
08BEAC0A07A2,2025-06-07,02:01:00,31.1,100.0,38.0,25.10392038,121.2447143
08BEAC0A0880,2025-06-07,02:02:17,30.5,100.0,3.0,23.7224119,120.3083761
08BEAC0A04EE,2025-06-07,02:02:24,31.2,100.0,14.0,24.301515898772,120.71125566959
08BEAC0A0420,2025-06-07,02:05:14,31.8,100.0,7.0,24.184925,120.667711
08BEAC0A085E,2025-06-07,02:05:41,31.8,100.0,6.0,23.1428708,120.2732881
08BEAC0A07A2,2025-06-07,02:06:42,31.2,100.0,37.0,25.10392038,121.2447143
08BEAC0A0880,2025-06-07,02:07:31,31.1,100.0,2.0,23.7224119,120.3083761
08BEAC0A04EE,2025-06-07,02:07:40,30.8,100.0,15.0,24.301515898772,120.71125566959
08BEAC0A0420,2025-06-07,02:10:32,32.1,100.0,8.0,24.184925,120.667711
08BEAC0A085E,2025-06-07,02:10:56,32.0,100.0,6.0,23.1428708,120.2732881
08BEAC0A07A2,2025-06-07,02:11:59,31.2,100.0,34.0,25.10392038,121.2447143
08BEAC0A0880,2025-06-07,02:12:45,31.6,100.0,2.0,23.7224119,120.3083761
08BEAC0A04EE,2025-06-07,02:12:54,31.5,100.0,15.0,24.301515898772,120.71125566959
08BEAC0A0420,2025-06-07,02:15:46,32.2,100.0,9.0,24.184925,120.667711
08BEAC0A085E,2025-06-07,02:16:09,32.0,100.0,6.0,23.1428708,120.2732881
08BEAC0A07A2,2025-06-07,02:17:14,31.3,100.0,34.0,25.10392038,121.2447143
08BEAC0A0880,2025-06-07,02:18:01,31.8,100.0,1.0,23.7224119,120.3083761
08BEAC0A04EE,2025-06-07,02:18:09,31.6,100.0,14.0,24.301515898772,120.71125566959
08BEAC0A0420,2025-06-07,02:21:01,32.3,100.0,7.0,24.184925,120.667711
08BEAC0A085E,2025-06-07,02:21:23,31.8,100.0,7.0,23.1428708,120.2732881
08BEAC0A07A2,2025-06-07,02:22:29,31.3,100.0,31.0,25.10392038,121.2447143
08BEAC0A0880,2025-06-07,02:23:15,31.6,100.0,2.0,23.7224119,120.3083761
08BEAC0A04EE,2025-06-07,02:23:24,31.0,100.0,11.0,24.301515898772,120.71125566959
08BEAC0A085E,2025-06-07,02:26:38,32.0,100.0,5.0,23.1428708,120.2732881
08BEAC0A07A2,2025-06-07,02:27:45,31.5,100.0,31.0,25.10392038,121.2447143
08BEAC0A0880,2025-06-07,02:28:30,31.7,100.0,2.0,23.7224119,120.3083761
08BEAC0A04EE,2025-06-07,02:28:37,31.1,100.0,10.0,24.301515898772,120.71125566959
08BEAC0A085E,2025-06-07,02:31:52,32.0,100.0,6.0,23.1428708,120.2732881
08BEAC0A07A2,2025-06-07,02:33:01,31.6,100.0,29.0,25.10392038,121.2447143
08BEAC0A0880,2025-06-07,02:33:45,32.0,100.0,3.0,23.7224119,120.3083761
08BEAC0A04EE,2025-06-07,02:33:51,31.7,100.0,9.0,24.301515898772,120.71125566959
08BEAC0A085E,2025-06-07,02:37:06,32.0,100.0,6.0,23.1428708,120.2732881
08BEAC0A07A2,2025-06-07,02:38:17,31.6,100.0,30.0,25.10392038,121.2447143
08BEAC0A04EE,2025-06-07,02:39:04,32.0,100.0,12.0,24.301515898772,120.71125566959
08BEAC0A085E,2025-06-07,02:42:22,32.0,100.0,5.0,23.1428708,120.2732881
08BEAC0A07A2,2025-06-07,02:43:47,31.5,100.0,30.0,25.10392038,121.2447143
08BEAC0A0880,2025-06-07,02:44:11,32.1,100.0,1.0,23.7224119,120.3083761
08BEAC0A04EE,2025-06-07,02:44:17,32.1,100.0,12.0,24.301515898772,120.71125566959
08BEAC0A085E,2025-06-07,02:47:36,32.1,100.0,5.0,23.1428708,120.2732881
08BEAC0A07A2,2025-06-07,02:49:01,31.7,100.0,31.0,25.10392038,121.2447143
08BEAC0A0880,2025-06-07,02:49:27,32.3,100.0,1.0,23.7224119,120.3083761
08BEAC0A04EE,2025-06-07,02:49:31,32.2,100.0,11.0,24.301515898772,120.71125566959
08BEAC0A085E,2025-06-07,02:52:50,32.2,100.0,5.0,23.1428708,120.2732881
08BEAC0A07A2,2025-06-07,02:54:17,31.7,100.0,30.0,25.10392038,121.2447143
08BEAC0A0880,2025-06-07,02:54:41,32.6,100.0,1.0,23.7224119,120.3083761
08BEAC0A04EE,2025-06-07,02:54:44,32.6,100.0,13.0,24.301515898772,120.71125566959
08BEAC0A085E,2025-06-07,02:58:06,32.3,100.0,5.0,23.1428708,120.2732881
08BEAC0A07A2,2025-06-07,02:59:31,31.8,100.0,28.0,25.10392038,121.2447143
08BEAC0A04EE,2025-06-07,02:59:57,32.5,100.0,14.0,24.301515898772,120.71125566959
08BEAC0A0880,2025-06-07,02:59:59,32.8,100.0,1.0,23.7224119,120.3083761
08BEAC0A085E,2025-06-07,03:03:23,32.3,100.0,5.0,23.1428708,120.2732881
08BEAC0A07A2,2025-06-07,03:04:46,31.8,100.0,29.0,25.10392038,121.2447143
08BEAC0A04EE,2025-06-07,03:05:10,32.1,100.0,10.0,24.301515898772,120.71125566959
08BEAC0A0880,2025-06-07,03:05:16,33.0,100.0,1.0,23.7224119,120.3083761
08BEAC0A085E,2025-06-07,03:08:37,32.3,100.0,4.0,23.1428708,120.2732881
08BEAC0A07A2,2025-06-07,03:10:00,31.7,100.0,26.0,25.10392038,121.2447143
08BEAC0A04EE,2025-06-07,03:10:25,31.7,100.0,11.0,24.301515898772,120.71125566959
08BEAC0A0880,2025-06-07,03:10:30,33.2,100.0,1.0,23.7224119,120.3083761
08BEAC0A085E,2025-06-07,03:13:50,32.5,100.0,4.0,23.1428708,120.2732881
08BEAC0A07A2,2025-06-07,03:15:15,31.7,100.0,27.0,25.10392038,121.2447143
08BEAC0A04EE,2025-06-07,03:15:39,32.1,100.0,11.0,24.301515898772,120.71125566959
08BEAC0A0880,2025-06-07,03:15:44,33.2,100.0,1.0,23.7224119,120.3083761
08BEAC0A085E,2025-06-07,03:19:07,32.6,100.0,4.0,23.1428708,120.2732881
08BEAC0A07A2,2025-06-07,03:20:30,31.6,100.0,26.0,25.10392038,121.2447143
08BEAC0A04EE,2025-06-07,03:20:53,32.2,100.0,11.0,24.301515898772,120.71125566959
08BEAC0A0880,2025-06-07,03:20:58,33.1,100.0,1.0,23.7224119,120.3083761
08BEAC0A07A2,2025-06-07,03:25:43,31.6,100.0,24.0,25.10392038,121.2447143
08BEAC0A04EE,2025-06-07,03:26:09,32.2,100.0,12.0,24.301515898772,120.71125566959
08BEAC0A0880,2025-06-07,03:26:13,33.2,100.0,0.0,23.7224119,120.3083761
08BEAC0A085E,2025-06-07,03:29:33,32.7,100.0,4.0,23.1428708,120.2732881
08BEAC0A07A2,2025-06-07,03:30:57,31.6,100.0,22.0,25.10392038,121.2447143
08BEAC0A04EE,2025-06-07,03:31:23,31.7,100.0,11.0,24.301515898772,120.71125566959
08BEAC0A0880,2025-06-07,03:31:28,33.2,100.0,0.0,23.7224119,120.3083761
08BEAC0A085E,2025-06-07,03:34:49,32.8,100.0,3.0,23.1428708,120.2732881
08BEAC0A07A2,2025-06-07,03:36:12,31.5,100.0,24.0,25.10392038,121.2447143
08BEAC0A04EE,2025-06-07,03:36:37,32.1,100.0,12.0,24.301515898772,120.71125566959
08BEAC0A0880,2025-06-07,03:36:42,33.5,100.0,0.0,23.7224119,120.3083761
08BEAC0A0420,2025-06-07,03:37:17,31.8,100.0,12.0,24.184925,120.667711
08BEAC0A085E,2025-06-07,03:40:03,32.8,100.0,4.0,23.1428708,120.2732881
08BEAC0A07A2,2025-06-07,03:41:26,31.3,100.0,22.0,25.10392038,121.2447143
08BEAC0A04EE,2025-06-07,03:41:52,32.2,100.0,13.0,24.301515898772,120.71125566959
08BEAC0A0420,2025-06-07,03:42:31,32.2,100.0,12.0,24.184925,120.667711
08BEAC0A085E,2025-06-07,03:45:20,33.0,100.0,4.0,23.1428708,120.2732881
08BEAC0A07A2,2025-06-07,03:46:41,31.3,100.0,24.0,25.10392038,121.2447143
08BEAC0A04EE,2025-06-07,03:47:06,32.7,100.0,13.0,24.301515898772,120.71125566959
08BEAC0A0880,2025-06-07,03:47:08,33.6,100.0,0.0,23.7224119,120.3083761
08BEAC0A0420,2025-06-07,03:47:44,32.2,100.0,12.0,24.184925,120.667711
08BEAC0A085E,2025-06-07,03:50:36,33.0,100.0,3.0,23.1428708,120.2732881
08BEAC0A07A2,2025-06-07,03:52:15,31.5,100.0,26.0,25.10392038,121.2447143
08BEAC0A04EE,2025-06-07,03:52:19,32.3,100.0,14.0,24.301515898772,120.71125566959
08BEAC0A0880,2025-06-07,03:52:24,33.6,100.0,1.0,23.7224119,120.3083761
08BEAC0A0420,2025-06-07,03:52:59,32.2,100.0,11.0,24.184925,120.667711
08BEAC0A085E,2025-06-07,03:55:51,33.0,100.0,4.0,23.1428708,120.2732881
08BEAC0A07A2,2025-06-07,03:57:31,31.5,100.0,22.0,25.10392038,121.2447143
08BEAC0A04EE,2025-06-07,03:57:32,32.2,100.0,17.0,24.301515898772,120.71125566959
08BEAC0A0880,2025-06-07,03:57:38,33.2,100.0,1.0,23.7224119,120.3083761
08BEAC0A0420,2025-06-07,03:58:13,32.5,100.0,12.0,24.184925,120.667711
08BEAC0A085E,2025-06-07,04:01:07,33.0,100.0,4.0,23.1428708,120.2732881
08BEAC0A07A2,2025-06-07,04:02:46,31.5,100.0,20.0,25.10392038,121.2447143
08BEAC0A04EE,2025-06-07,04:02:47,32.0,100.0,20.0,24.301515898772,120.71125566959
08BEAC0A0880,2025-06-07,04:02:54,33.3,100.0,1.0,23.7224119,120.3083761
08BEAC0A0420,2025-06-07,04:03:26,32.6,100.0,11.0,24.184925,120.667711
08BEAC0A085E,2025-06-07,04:06:20,33.2,100.0,4.0,23.1428708,120.2732881
08BEAC0A07A2,2025-06-07,04:08:01,31.7,100.0,24.0,25.10392038,121.2447143
08BEAC0A04EE,2025-06-07,04:08:05,32.1,100.0,16.0,24.301515898772,120.71125566959
08BEAC0A0880,2025-06-07,04:08:08,33.3,100.0,0.0,23.7224119,120.3083761
08BEAC0A0420,2025-06-07,04:08:40,32.7,100.0,11.0,24.184925,120.667711
08BEAC0A085E,2025-06-07,04:11:37,33.2,100.0,3.0,23.1428708,120.2732881
08BEAC0A04EE,2025-06-07,04:13:19,32.1,100.0,17.0,24.301515898772,120.71125566959
08BEAC0A07A2,2025-06-07,04:13:19,31.6,100.0,23.0,25.10392038,121.2447143
08BEAC0A0880,2025-06-07,04:13:22,33.3,100.0,0.0,23.7224119,120.3083761
08BEAC0A0420,2025-06-07,04:13:55,32.7,100.0,11.0,24.184925,120.667711
08BEAC0A085E,2025-06-07,04:16:51,33.2,100.0,4.0,23.1428708,120.2732881
08BEAC0A04EE,2025-06-07,04:18:32,32.1,100.0,17.0,24.301515898772,120.71125566959
08BEAC0A07A2,2025-06-07,04:18:33,31.8,100.0,24.0,25.10392038,121.2447143
08BEAC0A0880,2025-06-07,04:18:36,33.2,100.0,0.0,23.7224119,120.3083761
08BEAC0A0420,2025-06-07,04:19:09,32.8,100.0,10.0,24.184925,120.667711
08BEAC0A085E,2025-06-07,04:22:07,33.1,100.0,4.0,23.1428708,120.2732881
08BEAC0A04EE,2025-06-07,04:23:47,31.8,100.0,17.0,24.301515898772,120.71125566959
08BEAC0A07A2,2025-06-07,04:23:49,31.8,100.0,26.0,25.10392038,121.2447143
08BEAC0A0880,2025-06-07,04:23:51,33.2,100.0,1.0,23.7224119,120.3083761
08BEAC0A0420,2025-06-07,04:24:23,32.8,100.0,10.0,24.184925,120.667711
08BEAC0A085E,2025-06-07,04:27:21,33.2,100.0,4.0,23.1428708,120.2732881
08BEAC0A04EE,2025-06-07,04:29:02,32.5,100.0,16.0,24.301515898772,120.71125566959
08BEAC0A07A2,2025-06-07,04:29:03,31.7,100.0,26.0,25.10392038,121.2447143
08BEAC0A0880,2025-06-07,04:29:06,33.1,100.0,0.0,23.7224119,120.3083761
08BEAC0A0420,2025-06-07,04:29:37,33.0,100.0,10.0,24.184925,120.667711
08BEAC0A085E,2025-06-07,04:32:35,33.3,100.0,3.0,23.1428708,120.2732881
08BEAC0A04EE,2025-06-07,04:34:17,32.8,100.0,15.0,24.301515898772,120.71125566959
08BEAC0A07A2,2025-06-07,04:34:18,31.7,100.0,21.0,25.10392038,121.2447143
08BEAC0A0880,2025-06-07,04:34:20,33.3,100.0,0.0,23.7224119,120.3083761
08BEAC0A0420,2025-06-07,04:34:50,33.0,100.0,9.0,24.184925,120.667711
08BEAC0A085E,2025-06-07,04:37:50,33.2,100.0,4.0,23.1428708,120.2732881
08BEAC0A04EE,2025-06-07,04:39:31,33.0,100.0,18.0,24.301515898772,120.71125566959
08BEAC0A0880,2025-06-07,04:39:33,33.3,100.0,0.0,23.7224119,120.3083761
08BEAC0A07A2,2025-06-07,04:39:36,31.8,100.0,22.0,25.10392038,121.2447143
08BEAC0A0420,2025-06-07,04:40:05,33.1,100.0,9.0,24.184925,120.667711
08BEAC0A085E,2025-06-07,04:43:05,33.2,100.0,4.0,23.1428708,120.2732881
08BEAC0A04EE,2025-06-07,04:44:45,32.8,100.0,18.0,24.301515898772,120.71125566959
08BEAC0A0880,2025-06-07,04:44:47,33.3,100.0,0.0,23.7224119,120.3083761
08BEAC0A07A2,2025-06-07,04:44:52,32.0,100.0,21.0,25.10392038,121.2447143
08BEAC0A0420,2025-06-07,04:45:19,33.1,100.0,9.0,24.184925,120.667711
08BEAC0A085E,2025-06-07,04:48:20,33.3,100.0,4.0,23.1428708,120.2732881
08BEAC0A04EE,2025-06-07,04:49:58,32.7,100.0,17.0,24.301515898772,120.71125566959
08BEAC0A0880,2025-06-07,04:50:00,33.1,100.0,1.0,23.7224119,120.3083761
08BEAC0A07A2,2025-06-07,04:50:09,32.0,100.0,18.0,25.10392038,121.2447143
08BEAC0A0420,2025-06-07,04:50:33,33.1,100.0,10.0,24.184925,120.667711
08BEAC0A085E,2025-06-07,04:53:33,33.2,100.0,3.0,23.1428708,120.2732881
08BEAC0A04EE,2025-06-07,04:55:12,32.8,100.0,16.0,24.301515898772,120.71125566959
08BEAC0A0880,2025-06-07,04:55:15,33.1,100.0,0.0,23.7224119,120.3083761
08BEAC0A07A2,2025-06-07,04:55:23,32.0,100.0,18.0,25.10392038,121.2447143
08BEAC0A0420,2025-06-07,04:55:47,33.1,100.0,10.0,24.184925,120.667711
08BEAC0A085E,2025-06-07,04:58:47,33.2,100.0,4.0,23.1428708,120.2732881
08BEAC0A04EE,2025-06-07,05:00:27,33.0,100.0,16.0,24.301515898772,120.71125566959
08BEAC0A0880,2025-06-07,05:00:29,33.1,100.0,0.0,23.7224119,120.3083761
08BEAC0A07A2,2025-06-07,05:00:37,31.8,100.0,20.0,25.10392038,121.2447143
08BEAC0A0420,2025-06-07,05:01:04,33.2,100.0,9.0,24.184925,120.667711
08BEAC0A085E,2025-06-07,05:04:01,33.2,100.0,3.0,23.1428708,120.2732881
08BEAC0A04EE,2025-06-07,05:05:41,32.7,100.0,15.0,24.301515898772,120.71125566959
08BEAC0A0880,2025-06-07,05:05:45,33.0,100.0,0.0,23.7224119,120.3083761
08BEAC0A07A2,2025-06-07,05:05:55,32.0,100.0,20.0,25.10392038,121.2447143
08BEAC0A0420,2025-06-07,05:06:17,33.3,100.0,8.0,24.184925,120.667711
08BEAC0A085E,2025-06-07,05:09:15,33.1,100.0,4.0,23.1428708,120.2732881
08BEAC0A04EE,2025-06-07,05:10:55,32.6,100.0,15.0,24.301515898772,120.71125566959
08BEAC0A0880,2025-06-07,05:11:01,33.1,100.0,0.0,23.7224119,120.3083761
08BEAC0A07A2,2025-06-07,05:11:12,31.8,100.0,17.0,25.10392038,121.2447143
08BEAC0A0420,2025-06-07,05:11:31,33.3,100.0,8.0,24.184925,120.667711
08BEAC0A085E,2025-06-07,05:14:31,33.1,100.0,3.0,23.1428708,120.2732881
08BEAC0A04EE,2025-06-07,05:16:10,32.7,100.0,13.0,24.301515898772,120.71125566959
08BEAC0A0880,2025-06-07,05:16:15,33.0,100.0,0.0,23.7224119,120.3083761
08BEAC0A0420,2025-06-07,05:16:45,33.3,100.0,6.0,24.184925,120.667711
08BEAC0A07A2,2025-06-07,05:16:48,32.0,100.0,22.0,25.10392038,121.2447143
08BEAC0A085E,2025-06-07,05:19:46,33.2,100.0,3.0,23.1428708,120.2732881
08BEAC0A04EE,2025-06-07,05:21:24,33.1,100.0,13.0,24.301515898772,120.71125566959
08BEAC0A0880,2025-06-07,05:21:30,32.8,100.0,0.0,23.7224119,120.3083761
08BEAC0A0420,2025-06-07,05:21:59,33.3,100.0,6.0,24.184925,120.667711
08BEAC0A07A2,2025-06-07,05:22:03,31.8,100.0,28.0,25.10392038,121.2447143
08BEAC0A085E,2025-06-07,05:25:02,33.1,100.0,3.0,23.1428708,120.2732881
08BEAC0A04EE,2025-06-07,05:26:37,32.8,100.0,11.0,24.301515898772,120.71125566959
08BEAC0A0880,2025-06-07,05:26:44,32.8,100.0,0.0,23.7224119,120.3083761
08BEAC0A0420,2025-06-07,05:27:14,33.5,100.0,6.0,24.184925,120.667711
08BEAC0A07A2,2025-06-07,05:27:16,31.6,100.0,25.0,25.10392038,121.2447143
08BEAC0A085E,2025-06-07,05:30:16,33.1,100.0,3.0,23.1428708,120.2732881
08BEAC0A0880,2025-06-07,05:31:58,32.7,100.0,0.0,23.7224119,120.3083761
08BEAC0A0420,2025-06-07,05:32:29,33.6,100.0,7.0,24.184925,120.667711
08BEAC0A07A2,2025-06-07,05:32:29,31.8,100.0,19.0,25.10392038,121.2447143
08BEAC0A085E,2025-06-07,05:35:32,33.2,100.0,3.0,23.1428708,120.2732881
08BEAC0A04EE,2025-06-07,05:37:02,33.0,100.0,10.0,24.301515898772,120.71125566959
08BEAC0A0880,2025-06-07,05:37:14,32.6,100.0,0.0,23.7224119,120.3083761
08BEAC0A0420,2025-06-07,05:37:43,33.6,100.0,7.0,24.184925,120.667711
08BEAC0A07A2,2025-06-07,05:37:45,31.8,100.0,19.0,25.10392038,121.2447143
08BEAC0A085E,2025-06-07,05:40:45,33.2,100.0,4.0,23.1428708,120.2732881
08BEAC0A0880,2025-06-07,05:42:28,32.7,100.0,0.0,23.7224119,120.3083761
08BEAC0A0420,2025-06-07,05:42:59,33.5,100.0,7.0,24.184925,120.667711
08BEAC0A07A2,2025-06-07,05:43:00,31.8,100.0,20.0,25.10392038,121.2447143
08BEAC0A04EE,2025-06-07,05:43:32,33.1,100.0,10.0,24.301515898772,120.71125566959
08BEAC0A085E,2025-06-07,05:45:59,33.1,100.0,3.0,23.1428708,120.2732881
08BEAC0A0880,2025-06-07,05:47:44,32.7,100.0,0.0,23.7224119,120.3083761
08BEAC0A0420,2025-06-07,05:48:13,33.5,100.0,7.0,24.184925,120.667711
08BEAC0A07A2,2025-06-07,05:48:15,32.1,100.0,22.0,25.10392038,121.2447143
08BEAC0A04EE,2025-06-07,05:48:49,33.2,100.0,9.0,24.301515898772,120.71125566959
08BEAC0A085E,2025-06-07,05:51:13,33.1,100.0,3.0,23.1428708,120.2732881
08BEAC0A0880,2025-06-07,05:52:58,32.7,100.0,0.0,23.7224119,120.3083761
08BEAC0A0420,2025-06-07,05:53:27,33.3,100.0,7.0,24.184925,120.667711
08BEAC0A07A2,2025-06-07,05:53:30,32.1,100.0,20.0,25.10392038,121.2447143
08BEAC0A04EE,2025-06-07,05:54:04,33.3,100.0,8.0,24.301515898772,120.71125566959
08BEAC0A085E,2025-06-07,05:56:26,33.1,100.0,3.0,23.1428708,120.2732881
08BEAC0A0880,2025-06-07,05:58:13,32.6,100.0,0.0,23.7224119,120.3083761
08BEAC0A0420,2025-06-07,05:58:41,33.2,100.0,7.0,24.184925,120.667711
08BEAC0A07A2,2025-06-07,05:58:47,32.3,100.0,20.0,25.10392038,121.2447143
08BEAC0A04EE,2025-06-07,05:59:20,33.2,100.0,8.0,24.301515898772,120.71125566959
08BEAC0A085E,2025-06-07,06:01:40,33.1,100.0,4.0,23.1428708,120.2732881
08BEAC0A0880,2025-06-07,06:03:26,32.6,100.0,0.0,23.7224119,120.3083761
08BEAC0A0420,2025-06-07,06:03:55,33.2,100.0,7.0,24.184925,120.667711
08BEAC0A07A2,2025-06-07,06:04:03,32.1,100.0,22.0,25.10392038,121.2447143
08BEAC0A04EE,2025-06-07,06:04:36,33.1,100.0,9.0,24.301515898772,120.71125566959
08BEAC0A085E,2025-06-07,06:06:53,33.1,100.0,3.0,23.1428708,120.2732881
08BEAC0A0880,2025-06-07,06:08:42,32.5,100.0,0.0,23.7224119,120.3083761
08BEAC0A07A2,2025-06-07,06:09:21,32.3,100.0,21.0,25.10392038,121.2447143
08BEAC0A04EE,2025-06-07,06:09:49,33.1,100.0,8.0,24.301515898772,120.71125566959
08BEAC0A085E,2025-06-07,06:12:09,33.0,100.0,3.0,23.1428708,120.2732881
08BEAC0A0880,2025-06-07,06:13:56,32.5,100.0,0.0,23.7224119,120.3083761
08BEAC0A0420,2025-06-07,06:14:22,33.1,100.0,7.0,24.184925,120.667711
08BEAC0A07A2,2025-06-07,06:14:37,32.6,100.0,21.0,25.10392038,121.2447143
08BEAC0A04EE,2025-06-07,06:15:03,32.8,100.0,8.0,24.301515898772,120.71125566959
08BEAC0A085E,2025-06-07,06:17:24,32.8,100.0,3.0,23.1428708,120.2732881
08BEAC0A0880,2025-06-07,06:19:10,32.5,100.0,0.0,23.7224119,120.3083761
08BEAC0A0420,2025-06-07,06:19:37,33.1,100.0,9.0,24.184925,120.667711
08BEAC0A07A2,2025-06-07,06:19:52,32.3,100.0,19.0,25.10392038,121.2447143
08BEAC0A04EE,2025-06-07,06:20:17,33.0,100.0,10.0,24.301515898772,120.71125566959
08BEAC0A085E,2025-06-07,06:22:40,33.0,100.0,4.0,23.1428708,120.2732881
08BEAC0A0880,2025-06-07,06:24:24,32.5,100.0,0.0,23.7224119,120.3083761
08BEAC0A0420,2025-06-07,06:24:56,33.0,100.0,8.0,24.184925,120.667711
08BEAC0A07A2,2025-06-07,06:25:07,32.6,100.0,23.0,25.10392038,121.2447143
08BEAC0A04EE,2025-06-07,06:25:31,32.8,100.0,11.0,24.301515898772,120.71125566959
08BEAC0A085E,2025-06-07,06:27:56,33.0,100.0,4.0,23.1428708,120.2732881
08BEAC0A0880,2025-06-07,06:29:38,32.3,100.0,0.0,23.7224119,120.3083761
08BEAC0A0420,2025-06-07,06:30:10,33.0,100.0,7.0,24.184925,120.667711
08BEAC0A07A2,2025-06-07,06:30:23,32.6,100.0,25.0,25.10392038,121.2447143
08BEAC0A04EE,2025-06-07,06:30:45,33.0,100.0,10.0,24.301515898772,120.71125566959
08BEAC0A085E,2025-06-07,06:33:08,33.0,100.0,3.0,23.1428708,120.2732881
08BEAC0A0880,2025-06-07,06:34:53,32.3,100.0,0.0,23.7224119,120.3083761
08BEAC0A0420,2025-06-07,06:35:24,32.8,100.0,8.0,24.184925,120.667711
08BEAC0A07A2,2025-06-07,06:35:36,32.7,100.0,24.0,25.10392038,121.2447143
08BEAC0A04EE,2025-06-07,06:36:00,33.1,100.0,9.0,24.301515898772,120.71125566959
08BEAC0A085E,2025-06-07,06:38:22,33.1,100.0,3.0,23.1428708,120.2732881
08BEAC0A0880,2025-06-07,06:40:08,32.2,100.0,0.0,23.7224119,120.3083761
08BEAC0A0420,2025-06-07,06:40:37,33.0,100.0,10.0,24.184925,120.667711
08BEAC0A07A2,2025-06-07,06:40:53,32.7,100.0,28.0,25.10392038,121.2447143
08BEAC0A04EE,2025-06-07,06:41:14,32.5,100.0,9.0,24.301515898772,120.71125566959
08BEAC0A085E,2025-06-07,06:43:36,33.0,100.0,3.0,23.1428708,120.2732881
08BEAC0A0880,2025-06-07,06:45:22,32.2,100.0,0.0,23.7224119,120.3083761
08BEAC0A0420,2025-06-07,06:45:52,32.8,100.0,9.0,24.184925,120.667711
08BEAC0A07A2,2025-06-07,06:46:06,32.8,100.0,26.0,25.10392038,121.2447143
08BEAC0A04EE,2025-06-07,06:46:28,32.8,100.0,10.0,24.301515898772,120.71125566959
08BEAC0A085E,2025-06-07,06:48:50,33.0,100.0,3.0,23.1428708,120.2732881
08BEAC0A0880,2025-06-07,06:50:38,32.3,100.0,0.0,23.7224119,120.3083761
08BEAC0A0420,2025-06-07,06:51:05,32.8,100.0,8.0,24.184925,120.667711
08BEAC0A07A2,2025-06-07,06:51:20,32.7,100.0,24.0,25.10392038,121.2447143
08BEAC0A04EE,2025-06-07,06:51:45,32.7,100.0,10.0,24.301515898772,120.71125566959
08BEAC0A085E,2025-06-07,06:54:06,33.0,100.0,3.0,23.1428708,120.2732881
08BEAC0A0880,2025-06-07,06:55:52,32.3,100.0,0.0,23.7224119,120.3083761
08BEAC0A0420,2025-06-07,06:56:20,32.7,100.0,8.0,24.184925,120.667711
08BEAC0A07A2,2025-06-07,06:56:38,33.0,100.0,25.0,25.10392038,121.2447143
08BEAC0A04EE,2025-06-07,06:56:59,33.1,100.0,11.0,24.301515898772,120.71125566959
08BEAC0A085E,2025-06-07,06:59:21,33.0,100.0,3.0,23.1428708,120.2732881
08BEAC0A0880,2025-06-07,07:01:07,32.3,100.0,0.0,23.7224119,120.3083761
08BEAC0A0420,2025-06-07,07:01:34,32.7,100.0,8.0,24.184925,120.667711
08BEAC0A07A2,2025-06-07,07:01:52,33.0,100.0,24.0,25.10392038,121.2447143
08BEAC0A04EE,2025-06-07,07:02:14,33.0,100.0,9.0,24.301515898772,120.71125566959
08BEAC0A085E,2025-06-07,07:04:37,32.8,100.0,3.0,23.1428708,120.2732881
08BEAC0A0420,2025-06-07,07:06:47,32.7,100.0,7.0,24.184925,120.667711
08BEAC0A07A2,2025-06-07,07:07:06,33.0,100.0,25.0,25.10392038,121.2447143
08BEAC0A04EE,2025-06-07,07:07:28,32.7,100.0,9.0,24.301515898772,120.71125566959
08BEAC0A085E,2025-06-07,07:09:50,32.8,100.0,3.0,23.1428708,120.2732881
08BEAC0A0880,2025-06-07,07:11:33,32.2,100.0,0.0,23.7224119,120.3083761
08BEAC0A0420,2025-06-07,07:12:01,32.7,100.0,7.0,24.184925,120.667711
08BEAC0A07A2,2025-06-07,07:12:23,33.0,100.0,30.0,25.10392038,121.2447143
08BEAC0A04EE,2025-06-07,07:12:43,32.7,100.0,8.0,24.301515898772,120.71125566959
08BEAC0A085E,2025-06-07,07:15:06,32.8,100.0,3.0,23.1428708,120.2732881
08BEAC0A0880,2025-06-07,07:16:46,32.1,100.0,0.0,23.7224119,120.3083761
08BEAC0A0420,2025-06-07,07:17:15,32.7,100.0,7.0,24.184925,120.667711
08BEAC0A07A2,2025-06-07,07:17:50,33.0,100.0,28.0,25.10392038,121.2447143
08BEAC0A04EE,2025-06-07,07:17:57,32.6,100.0,6.0,24.301515898772,120.71125566959
08BEAC0A085E,2025-06-07,07:20:20,32.8,100.0,3.0,23.1428708,120.2732881
08BEAC0A0880,2025-06-07,07:22:03,32.1,100.0,0.0,23.7224119,120.3083761
08BEAC0A0420,2025-06-07,07:22:31,32.5,100.0,8.0,24.184925,120.667711
08BEAC0A07A2,2025-06-07,07:23:05,32.6,100.0,34.0,25.10392038,121.2447143
08BEAC0A04EE,2025-06-07,07:23:12,32.5,100.0,7.0,24.301515898772,120.71125566959
08BEAC0A085E,2025-06-07,07:25:36,32.7,100.0,3.0,23.1428708,120.2732881
08BEAC0A0880,2025-06-07,07:27:19,32.1,100.0,0.0,23.7224119,120.3083761
08BEAC0A0420,2025-06-07,07:27:45,32.5,100.0,7.0,24.184925,120.667711
08BEAC0A07A2,2025-06-07,07:28:20,32.5,100.0,30.0,25.10392038,121.2447143
08BEAC0A04EE,2025-06-07,07:28:26,32.1,100.0,7.0,24.301515898772,120.71125566959
08BEAC0A085E,2025-06-07,07:30:51,32.6,100.0,3.0,23.1428708,120.2732881
08BEAC0A0880,2025-06-07,07:32:34,32.1,100.0,0.0,23.7224119,120.3083761
08BEAC0A0420,2025-06-07,07:33:00,32.6,100.0,8.0,24.184925,120.667711
08BEAC0A07A2,2025-06-07,07:33:33,32.3,100.0,30.0,25.10392038,121.2447143
08BEAC0A04EE,2025-06-07,07:33:40,32.2,100.0,8.0,24.301515898772,120.71125566959
08BEAC0A085E,2025-06-07,07:36:05,32.6,100.0,3.0,23.1428708,120.2732881
08BEAC0A0880,2025-06-07,07:37:48,32.1,100.0,0.0,23.7224119,120.3083761
08BEAC0A0420,2025-06-07,07:38:14,32.5,100.0,8.0,24.184925,120.667711
08BEAC0A07A2,2025-06-07,07:38:50,32.3,100.0,36.0,25.10392038,121.2447143
08BEAC0A04EE,2025-06-07,07:38:55,31.3,100.0,8.0,24.301515898772,120.71125566959
08BEAC0A085E,2025-06-07,07:41:23,32.8,100.0,3.0,23.1428708,120.2732881
08BEAC0A0880,2025-06-07,07:43:02,32.0,100.0,0.0,23.7224119,120.3083761
08BEAC0A0420,2025-06-07,07:43:28,32.5,100.0,7.0,24.184925,120.667711
08BEAC0A07A2,2025-06-07,07:44:05,32.5,100.0,34.0,25.10392038,121.2447143
08BEAC0A04EE,2025-06-07,07:44:09,31.5,100.0,11.0,24.301515898772,120.71125566959
08BEAC0A085E,2025-06-07,07:46:38,32.7,100.0,3.0,23.1428708,120.2732881
08BEAC0A0880,2025-06-07,07:48:16,31.8,100.0,0.0,23.7224119,120.3083761
08BEAC0A0420,2025-06-07,07:48:41,32.5,100.0,7.0,24.184925,120.667711
08BEAC0A07A2,2025-06-07,07:49:20,32.2,100.0,36.0,25.10392038,121.2447143
08BEAC0A04EE,2025-06-07,07:49:23,32.0,100.0,11.0,24.301515898772,120.71125566959
08BEAC0A085E,2025-06-07,07:51:51,32.7,100.0,3.0,23.1428708,120.2732881
08BEAC0A0880,2025-06-07,07:53:30,32.0,100.0,0.0,23.7224119,120.3083761
08BEAC0A0420,2025-06-07,07:53:55,32.5,100.0,9.0,24.184925,120.667711
08BEAC0A04EE,2025-06-07,07:54:38,31.8,100.0,9.0,24.301515898772,120.71125566959
08BEAC0A07A2,2025-06-07,07:54:53,32.2,100.0,35.0,25.10392038,121.2447143
08BEAC0A085E,2025-06-07,07:57:06,32.7,100.0,3.0,23.1428708,120.2732881
08BEAC0A0880,2025-06-07,07:58:46,31.8,100.0,0.0,23.7224119,120.3083761
08BEAC0A0420,2025-06-07,07:59:10,32.5,100.0,9.0,24.184925,120.667711
08BEAC0A07A2,2025-06-07,08:00:10,32.2,100.0,32.0,25.10392038,121.2447143
08BEAC0A085E,2025-06-07,08:02:19,32.7,100.0,3.0,23.1428708,120.2732881
08BEAC0A0880,2025-06-07,08:04:02,31.8,100.0,0.0,23.7224119,120.3083761
08BEAC0A0420,2025-06-07,08:04:25,32.5,100.0,11.0,24.184925,120.667711
08BEAC0A04EE,2025-06-07,08:05:03,31.7,100.0,9.0,24.301515898772,120.71125566959
08BEAC0A07A2,2025-06-07,08:05:53,32.2,100.0,30.0,25.10392038,121.2447143
08BEAC0A085E,2025-06-07,08:07:32,32.7,100.0,3.0,23.1428708,120.2732881
08BEAC0A0880,2025-06-07,08:09:17,31.8,100.0,0.0,23.7224119,120.3083761
08BEAC0A0420,2025-06-07,08:09:39,32.3,100.0,9.0,24.184925,120.667711
08BEAC0A04EE,2025-06-07,08:10:19,32.0,100.0,8.0,24.301515898772,120.71125566959
08BEAC0A07A2,2025-06-07,08:11:08,32.3,100.0,29.0,25.10392038,121.2447143
08BEAC0A085E,2025-06-07,08:12:47,32.6,100.0,3.0,23.1428708,120.2732881
08BEAC0A0880,2025-06-07,08:14:31,31.8,100.0,0.0,23.7224119,120.3083761
08BEAC0A0420,2025-06-07,08:14:53,32.5,100.0,9.0,24.184925,120.667711
08BEAC0A04EE,2025-06-07,08:15:32,32.0,100.0,9.0,24.301515898772,120.71125566959
08BEAC0A07A2,2025-06-07,08:16:24,32.2,100.0,29.0,25.10392038,121.2447143
08BEAC0A085E,2025-06-07,08:18:02,32.5,100.0,2.0,23.1428708,120.2732881
08BEAC0A0880,2025-06-07,08:19:45,31.8,100.0,0.0,23.7224119,120.3083761
08BEAC0A0420,2025-06-07,08:20:07,32.5,100.0,9.0,24.184925,120.667711
08BEAC0A04EE,2025-06-07,08:20:49,31.8,100.0,10.0,24.301515898772,120.71125566959
08BEAC0A07A2,2025-06-07,08:21:54,32.2,100.0,25.0,25.10392038,121.2447143
08BEAC0A085E,2025-06-07,08:23:15,32.5,100.0,3.0,23.1428708,120.2732881
08BEAC0A0880,2025-06-07,08:25:01,31.8,100.0,0.0,23.7224119,120.3083761
08BEAC0A0420,2025-06-07,08:25:23,32.6,100.0,9.0,24.184925,120.667711
08BEAC0A04EE,2025-06-07,08:26:03,31.8,100.0,9.0,24.301515898772,120.71125566959
08BEAC0A07A2,2025-06-07,08:27:07,32.2,100.0,24.0,25.10392038,121.2447143
08BEAC0A085E,2025-06-07,08:28:29,32.3,100.0,3.0,23.1428708,120.2732881
08BEAC0A0880,2025-06-07,08:30:14,31.8,100.0,0.0,23.7224119,120.3083761
08BEAC0A0420,2025-06-07,08:30:37,32.6,100.0,8.0,24.184925,120.667711
08BEAC0A04EE,2025-06-07,08:31:17,32.0,100.0,8.0,24.301515898772,120.71125566959
08BEAC0A07A2,2025-06-07,08:32:22,32.2,100.0,20.0,25.10392038,121.2447143
08BEAC0A085E,2025-06-07,08:33:45,32.2,100.0,2.0,23.1428708,120.2732881
08BEAC0A0880,2025-06-07,08:35:29,31.8,100.0,0.0,23.7224119,120.3083761
08BEAC0A0420,2025-06-07,08:35:50,32.6,100.0,7.0,24.184925,120.667711
08BEAC0A04EE,2025-06-07,08:36:30,32.0,100.0,8.0,24.301515898772,120.71125566959
08BEAC0A07A2,2025-06-07,08:37:46,32.1,100.0,17.0,25.10392038,121.2447143
08BEAC0A085E,2025-06-07,08:39:00,32.2,100.0,2.0,23.1428708,120.2732881
08BEAC0A0880,2025-06-07,08:40:42,31.7,100.0,0.0,23.7224119,120.3083761
08BEAC0A0420,2025-06-07,08:41:04,32.5,100.0,7.0,24.184925,120.667711
08BEAC0A04EE,2025-06-07,08:41:44,32.0,100.0,9.0,24.301515898772,120.71125566959
08BEAC0A07A2,2025-06-07,08:43:00,31.8,100.0,16.0,25.10392038,121.2447143
08BEAC0A085E,2025-06-07,08:44:15,32.2,100.0,3.0,23.1428708,120.2732881
08BEAC0A0880,2025-06-07,08:45:56,31.6,100.0,0.0,23.7224119,120.3083761
08BEAC0A0420,2025-06-07,08:46:20,32.6,100.0,7.0,24.184925,120.667711
08BEAC0A04EE,2025-06-07,08:46:57,31.8,100.0,8.0,24.301515898772,120.71125566959
08BEAC0A07A2,2025-06-07,08:48:14,31.8,100.0,16.0,25.10392038,121.2447143
08BEAC0A085E,2025-06-07,08:49:28,32.2,100.0,3.0,23.1428708,120.2732881
08BEAC0A0880,2025-06-07,08:51:12,31.6,100.0,0.0,23.7224119,120.3083761
08BEAC0A0420,2025-06-07,08:51:35,32.5,100.0,8.0,24.184925,120.667711
08BEAC0A04EE,2025-06-07,08:52:10,31.7,100.0,8.0,24.301515898772,120.71125566959
08BEAC0A07A2,2025-06-07,08:53:32,32.0,100.0,14.0,25.10392038,121.2447143
08BEAC0A085E,2025-06-07,08:54:43,32.3,100.0,3.0,23.1428708,120.2732881
08BEAC0A0880,2025-06-07,08:56:27,31.6,100.0,0.0,23.7224119,120.3083761
08BEAC0A0420,2025-06-07,08:56:49,32.3,100.0,7.0,24.184925,120.667711
08BEAC0A04EE,2025-06-07,08:57:25,31.8,100.0,9.0,24.301515898772,120.71125566959
08BEAC0A07A2,2025-06-07,08:58:52,32.1,100.0,14.0,25.10392038,121.2447143
08BEAC0A085E,2025-06-07,09:00:02,32.2,100.0,3.0,23.1428708,120.2732881
08BEAC0A0880,2025-06-07,09:01:42,31.5,100.0,0.0,23.7224119,120.3083761
08BEAC0A0420,2025-06-07,09:02:03,32.5,100.0,7.0,24.184925,120.667711
08BEAC0A04EE,2025-06-07,09:02:38,31.6,100.0,9.0,24.301515898772,120.71125566959
08BEAC0A07A2,2025-06-07,09:04:08,31.8,100.0,18.0,25.10392038,121.2447143
08BEAC0A085E,2025-06-07,09:05:16,32.2,100.0,3.0,23.1428708,120.2732881
08BEAC0A0880,2025-06-07,09:06:59,31.5,100.0,0.0,23.7224119,120.3083761
08BEAC0A0420,2025-06-07,09:07:16,32.3,100.0,8.0,24.184925,120.667711
08BEAC0A04EE,2025-06-07,09:07:52,31.6,100.0,8.0,24.301515898772,120.71125566959
08BEAC0A07A2,2025-06-07,09:09:21,31.8,100.0,15.0,25.10392038,121.2447143
08BEAC0A085E,2025-06-07,09:10:31,32.2,100.0,3.0,23.1428708,120.2732881
08BEAC0A0880,2025-06-07,09:12:12,31.3,100.0,0.0,23.7224119,120.3083761
08BEAC0A0420,2025-06-07,09:12:31,32.2,100.0,8.0,24.184925,120.667711
08BEAC0A04EE,2025-06-07,09:13:05,31.6,100.0,9.0,24.301515898772,120.71125566959
08BEAC0A07A2,2025-06-07,09:14:34,32.0,100.0,14.0,25.10392038,121.2447143
08BEAC0A085E,2025-06-07,09:15:45,32.3,100.0,3.0,23.1428708,120.2732881
08BEAC0A0880,2025-06-07,09:17:26,31.3,100.0,0.0,23.7224119,120.3083761
08BEAC0A0420,2025-06-07,09:17:44,32.3,100.0,8.0,24.184925,120.667711
08BEAC0A04EE,2025-06-07,09:18:19,31.5,100.0,9.0,24.301515898772,120.71125566959
08BEAC0A07A2,2025-06-07,09:19:50,32.0,100.0,12.0,25.10392038,121.2447143
08BEAC0A085E,2025-06-07,09:20:58,32.3,100.0,4.0,23.1428708,120.2732881
08BEAC0A0880,2025-06-07,09:22:39,31.5,100.0,0.0,23.7224119,120.3083761
08BEAC0A0420,2025-06-07,09:23:00,32.3,100.0,8.0,24.184925,120.667711
08BEAC0A04EE,2025-06-07,09:23:34,31.5,100.0,9.0,24.301515898772,120.71125566959
08BEAC0A07A2,2025-06-07,09:25:06,32.0,100.0,11.0,25.10392038,121.2447143
08BEAC0A085E,2025-06-07,09:26:12,32.2,100.0,4.0,23.1428708,120.2732881
08BEAC0A0880,2025-06-07,09:27:54,31.3,100.0,0.0,23.7224119,120.3083761
08BEAC0A0420,2025-06-07,09:28:15,32.2,100.0,9.0,24.184925,120.667711
08BEAC0A04EE,2025-06-07,09:28:48,31.7,100.0,7.0,24.301515898772,120.71125566959
08BEAC0A07A2,2025-06-07,09:30:24,32.1,100.0,11.0,25.10392038,121.2447143
08BEAC0A085E,2025-06-07,09:31:28,32.2,100.0,3.0,23.1428708,120.2732881
08BEAC0A0880,2025-06-07,09:33:08,31.3,100.0,0.0,23.7224119,120.3083761
08BEAC0A0420,2025-06-07,09:33:28,32.1,100.0,9.0,24.184925,120.667711
08BEAC0A04EE,2025-06-07,09:34:02,31.7,100.0,7.0,24.301515898772,120.71125566959
08BEAC0A07A2,2025-06-07,09:35:54,32.1,100.0,13.0,25.10392038,121.2447143
08BEAC0A085E,2025-06-07,09:36:45,32.3,100.0,5.0,23.1428708,120.2732881
08BEAC0A0880,2025-06-07,09:38:23,31.3,100.0,0.0,23.7224119,120.3083761
08BEAC0A0420,2025-06-07,09:38:41,32.1,100.0,8.0,24.184925,120.667711
08BEAC0A04EE,2025-06-07,09:39:15,31.7,100.0,6.0,24.301515898772,120.71125566959
08BEAC0A07A2,2025-06-07,09:41:11,32.0,100.0,12.0,25.10392038,121.2447143
08BEAC0A085E,2025-06-07,09:41:59,32.3,100.0,4.0,23.1428708,120.2732881
08BEAC0A0880,2025-06-07,09:43:37,31.2,100.0,0.0,23.7224119,120.3083761
08BEAC0A0420,2025-06-07,09:43:55,32.1,100.0,8.0,24.184925,120.667711
08BEAC0A04EE,2025-06-07,09:44:29,31.6,100.0,6.0,24.301515898772,120.71125566959
08BEAC0A07A2,2025-06-07,09:46:26,32.0,100.0,21.0,25.10392038,121.2447143
08BEAC0A085E,2025-06-07,09:47:15,32.3,100.0,4.0,23.1428708,120.2732881
08BEAC0A0880,2025-06-07,09:48:52,31.2,100.0,0.0,23.7224119,120.3083761
08BEAC0A0420,2025-06-07,09:49:08,32.0,100.0,6.0,24.184925,120.667711
08BEAC0A04EE,2025-06-07,09:49:45,31.1,100.0,6.0,24.301515898772,120.71125566959
08BEAC0A07A2,2025-06-07,09:51:44,32.0,100.0,21.0,25.10392038,121.2447143
08BEAC0A085E,2025-06-07,09:52:28,32.2,100.0,3.0,23.1428708,120.2732881
08BEAC0A0880,2025-06-07,09:54:05,31.2,100.0,0.0,23.7224119,120.3083761
08BEAC0A0420,2025-06-07,09:54:25,32.0,100.0,6.0,24.184925,120.667711
08BEAC0A07A2,2025-06-07,09:56:58,32.0,100.0,24.0,25.10392038,121.2447143
08BEAC0A085E,2025-06-07,09:57:49,32.2,100.0,3.0,23.1428708,120.2732881
08BEAC0A0880,2025-06-07,09:59:22,31.1,100.0,0.0,23.7224119,120.3083761
08BEAC0A0420,2025-06-07,09:59:39,32.1,100.0,5.0,24.184925,120.667711
08BEAC0A04EE,2025-06-07,10:00:08,31.1,100.0,5.0,24.301515898772,120.71125566959
08BEAC0A07A2,2025-06-07,10:02:13,32.0,100.0,25.0,25.10392038,121.2447143
08BEAC0A085E,2025-06-07,10:03:03,32.1,100.0,3.0,23.1428708,120.2732881
08BEAC0A0880,2025-06-07,10:04:37,31.1,100.0,0.0,23.7224119,120.3083761
08BEAC0A0420,2025-06-07,10:04:55,32.0,100.0,5.0,24.184925,120.667711
08BEAC0A04EE,2025-06-07,10:05:23,30.8,100.0,5.0,24.301515898772,120.71125566959
08BEAC0A07A2,2025-06-07,10:07:27,32.0,100.0,27.0,25.10392038,121.2447143
08BEAC0A085E,2025-06-07,10:08:17,32.1,100.0,5.0,23.1428708,120.2732881
08BEAC0A0880,2025-06-07,10:09:52,31.0,100.0,0.0,23.7224119,120.3083761
08BEAC0A0420,2025-06-07,10:10:10,32.1,100.0,6.0,24.184925,120.667711
08BEAC0A04EE,2025-06-07,10:10:38,30.7,100.0,5.0,24.301515898772,120.71125566959
08BEAC0A07A2,2025-06-07,10:12:42,32.0,100.0,27.0,25.10392038,121.2447143
08BEAC0A085E,2025-06-07,10:13:31,32.1,100.0,3.0,23.1428708,120.2732881
08BEAC0A0880,2025-06-07,10:15:06,30.8,100.0,0.0,23.7224119,120.3083761
08BEAC0A0420,2025-06-07,10:15:25,32.1,100.0,5.0,24.184925,120.667711
08BEAC0A04EE,2025-06-07,10:15:55,30.6,100.0,5.0,24.301515898772,120.71125566959
08BEAC0A07A2,2025-06-07,10:17:55,32.0,100.0,28.0,25.10392038,121.2447143
08BEAC0A085E,2025-06-07,10:18:46,32.1,100.0,3.0,23.1428708,120.2732881
08BEAC0A0880,2025-06-07,10:20:21,30.7,100.0,0.0,23.7224119,120.3083761
08BEAC0A0420,2025-06-07,10:20:39,32.1,100.0,5.0,24.184925,120.667711
08BEAC0A04EE,2025-06-07,10:21:09,30.3,100.0,4.0,24.301515898772,120.71125566959
08BEAC0A07A2,2025-06-07,10:23:09,32.0,100.0,28.0,25.10392038,121.2447143
08BEAC0A085E,2025-06-07,10:24:00,32.0,100.0,3.0,23.1428708,120.2732881
08BEAC0A0880,2025-06-07,10:25:37,30.6,100.0,0.0,23.7224119,120.3083761
08BEAC0A0420,2025-06-07,10:25:54,32.0,100.0,5.0,24.184925,120.667711
08BEAC0A04EE,2025-06-07,10:26:24,30.6,100.0,5.0,24.301515898772,120.71125566959
08BEAC0A07A2,2025-06-07,10:28:23,31.7,100.0,25.0,25.10392038,121.2447143
08BEAC0A085E,2025-06-07,10:29:14,31.8,100.0,3.0,23.1428708,120.2732881
08BEAC0A0880,2025-06-07,10:30:52,30.6,100.0,0.0,23.7224119,120.3083761
08BEAC0A0420,2025-06-07,10:31:07,32.0,100.0,4.0,24.184925,120.667711
08BEAC0A04EE,2025-06-07,10:31:39,30.5,100.0,4.0,24.301515898772,120.71125566959
08BEAC0A07A2,2025-06-07,10:33:54,31.7,100.0,21.0,25.10392038,121.2447143
08BEAC0A085E,2025-06-07,10:34:28,31.7,100.0,3.0,23.1428708,120.2732881
08BEAC0A0880,2025-06-07,10:36:07,30.5,100.0,0.0,23.7224119,120.3083761
08BEAC0A0420,2025-06-07,10:36:21,31.8,100.0,4.0,24.184925,120.667711
08BEAC0A04EE,2025-06-07,10:36:54,30.6,100.0,4.0,24.301515898772,120.71125566959
08BEAC0A07A2,2025-06-07,10:39:07,31.7,100.0,26.0,25.10392038,121.2447143
08BEAC0A085E,2025-06-07,10:39:42,31.6,100.0,4.0,23.1428708,120.2732881
08BEAC0A0880,2025-06-07,10:41:22,30.3,100.0,0.0,23.7224119,120.3083761
08BEAC0A0420,2025-06-07,10:41:37,31.7,100.0,4.0,24.184925,120.667711
08BEAC0A04EE,2025-06-07,10:42:07,30.5,100.0,4.0,24.301515898772,120.71125566959
08BEAC0A07A2,2025-06-07,10:44:20,31.8,100.0,21.0,25.10392038,121.2447143
08BEAC0A085E,2025-06-07,10:44:57,31.7,100.0,3.0,23.1428708,120.2732881
08BEAC0A0880,2025-06-07,10:46:36,30.3,100.0,0.0,23.7224119,120.3083761
08BEAC0A0420,2025-06-07,10:46:51,31.7,100.0,4.0,24.184925,120.667711
08BEAC0A04EE,2025-06-07,10:47:22,30.3,100.0,5.0,24.301515898772,120.71125566959
08BEAC0A07A2,2025-06-07,10:49:33,31.7,100.0,21.0,25.10392038,121.2447143
08BEAC0A085E,2025-06-07,10:50:13,31.7,100.0,3.0,23.1428708,120.2732881
08BEAC0A0880,2025-06-07,10:51:50,30.2,100.0,0.0,23.7224119,120.3083761
08BEAC0A0420,2025-06-07,10:52:05,31.8,100.0,4.0,24.184925,120.667711
08BEAC0A04EE,2025-06-07,10:52:36,30.1,100.0,4.0,24.301515898772,120.71125566959
08BEAC0A07A2,2025-06-07,10:54:54,31.7,100.0,22.0,25.10392038,121.2447143
08BEAC0A085E,2025-06-07,10:55:27,31.6,100.0,3.0,23.1428708,120.2732881
08BEAC0A0880,2025-06-07,10:57:03,30.3,100.0,0.0,23.7224119,120.3083761
08BEAC0A0420,2025-06-07,10:57:19,31.7,100.0,4.0,24.184925,120.667711
08BEAC0A04EE,2025-06-07,10:57:50,30.2,100.0,4.0,24.301515898772,120.71125566959
08BEAC0A07A2,2025-06-07,11:00:10,31.7,100.0,24.0,25.10392038,121.2447143
08BEAC0A085E,2025-06-07,11:00:41,31.6,100.0,4.0,23.1428708,120.2732881
08BEAC0A0880,2025-06-07,11:02:17,30.1,100.0,0.0,23.7224119,120.3083761
08BEAC0A0420,2025-06-07,11:02:35,31.7,100.0,4.0,24.184925,120.667711
08BEAC0A04EE,2025-06-07,11:03:04,30.5,100.0,4.0,24.301515898772,120.71125566959
08BEAC0A07A2,2025-06-07,11:05:24,31.7,100.0,24.0,25.10392038,121.2447143
08BEAC0A085E,2025-06-07,11:05:55,31.6,100.0,3.0,23.1428708,120.2732881
08BEAC0A0880,2025-06-07,11:07:32,30.0,100.0,0.0,23.7224119,120.3083761
08BEAC0A0420,2025-06-07,11:07:49,31.7,100.0,3.0,24.184925,120.667711
08BEAC0A04EE,2025-06-07,11:08:18,30.6,100.0,4.0,24.301515898772,120.71125566959
08BEAC0A07A2,2025-06-07,11:10:55,31.6,100.0,27.0,25.10392038,121.2447143
08BEAC0A085E,2025-06-07,11:11:10,31.6,100.0,4.0,23.1428708,120.2732881
08BEAC0A0880,2025-06-07,11:12:47,30.0,100.0,1.0,23.7224119,120.3083761
08BEAC0A0420,2025-06-07,11:13:04,31.7,100.0,4.0,24.184925,120.667711
08BEAC0A04EE,2025-06-07,11:13:31,30.6,100.0,4.0,24.301515898772,120.71125566959
08BEAC0A07A2,2025-06-07,11:16:10,31.7,100.0,28.0,25.10392038,121.2447143
08BEAC0A085E,2025-06-07,11:16:26,31.6,100.0,4.0,23.1428708,120.2732881
08BEAC0A0880,2025-06-07,11:18:02,30.0,100.0,1.0,23.7224119,120.3083761
08BEAC0A0420,2025-06-07,11:18:18,31.7,100.0,4.0,24.184925,120.667711
08BEAC0A04EE,2025-06-07,11:18:46,30.6,100.0,4.0,24.301515898772,120.71125566959
08BEAC0A07A2,2025-06-07,11:21:25,31.7,100.0,30.0,25.10392038,121.2447143
08BEAC0A085E,2025-06-07,11:21:40,31.6,100.0,4.0,23.1428708,120.2732881
08BEAC0A0880,2025-06-07,11:23:17,29.8,100.0,1.0,23.7224119,120.3083761
08BEAC0A0420,2025-06-07,11:23:34,31.6,100.0,4.0,24.184925,120.667711
08BEAC0A04EE,2025-06-07,11:24:01,30.6,100.0,4.0,24.301515898772,120.71125566959
08BEAC0A07A2,2025-06-07,11:26:39,31.7,100.0,29.0,25.10392038,121.2447143
08BEAC0A085E,2025-06-07,11:26:56,31.6,100.0,4.0,23.1428708,120.2732881
08BEAC0A0880,2025-06-07,11:28:32,29.8,100.0,1.0,23.7224119,120.3083761
08BEAC0A0420,2025-06-07,11:28:47,31.6,100.0,4.0,24.184925,120.667711
08BEAC0A04EE,2025-06-07,11:29:15,30.7,100.0,5.0,24.301515898772,120.71125566959
08BEAC0A07A2,2025-06-07,11:31:54,31.7,100.0,30.0,25.10392038,121.2447143
08BEAC0A085E,2025-06-07,11:32:12,31.6,100.0,4.0,23.1428708,120.2732881
08BEAC0A0880,2025-06-07,11:33:47,29.8,100.0,1.0,23.7224119,120.3083761
08BEAC0A0420,2025-06-07,11:34:01,31.6,100.0,4.0,24.184925,120.667711
08BEAC0A04EE,2025-06-07,11:34:30,30.5,100.0,5.0,24.301515898772,120.71125566959
08BEAC0A07A2,2025-06-07,11:37:07,31.7,100.0,29.0,25.10392038,121.2447143
08BEAC0A085E,2025-06-07,11:37:28,31.5,100.0,3.0,23.1428708,120.2732881
08BEAC0A0880,2025-06-07,11:39:02,30.0,100.0,1.0,23.7224119,120.3083761
08BEAC0A0420,2025-06-07,11:39:17,31.6,100.0,4.0,24.184925,120.667711
08BEAC0A04EE,2025-06-07,11:39:45,30.3,100.0,6.0,24.301515898772,120.71125566959
08BEAC0A07A2,2025-06-07,11:42:21,31.7,100.0,23.0,25.10392038,121.2447143
08BEAC0A085E,2025-06-07,11:42:44,31.5,100.0,3.0,23.1428708,120.2732881
08BEAC0A0880,2025-06-07,11:44:18,30.0,100.0,1.0,23.7224119,120.3083761
08BEAC0A0420,2025-06-07,11:44:31,31.5,100.0,4.0,24.184925,120.667711
08BEAC0A04EE,2025-06-07,11:44:59,30.3,100.0,5.0,24.301515898772,120.71125566959
08BEAC0A07A2,2025-06-07,11:47:38,31.6,100.0,24.0,25.10392038,121.2447143
08BEAC0A085E,2025-06-07,11:48:00,31.6,100.0,4.0,23.1428708,120.2732881
08BEAC0A0880,2025-06-07,11:49:33,30.0,100.0,1.0,23.7224119,120.3083761
08BEAC0A0420,2025-06-07,11:49:45,31.5,100.0,4.0,24.184925,120.667711
08BEAC0A04EE,2025-06-07,11:50:13,30.2,100.0,5.0,24.301515898772,120.71125566959
08BEAC0A07A2,2025-06-07,11:52:52,31.6,100.0,23.0,25.10392038,121.2447143
08BEAC0A085E,2025-06-07,11:53:17,31.6,100.0,3.0,23.1428708,120.2732881
08BEAC0A0880,2025-06-07,11:54:49,30.0,100.0,2.0,23.7224119,120.3083761
08BEAC0A0420,2025-06-07,11:54:59,31.3,100.0,4.0,24.184925,120.667711
08BEAC0A04EE,2025-06-07,11:55:26,30.1,100.0,5.0,24.301515898772,120.71125566959
08BEAC0A07A2,2025-06-07,11:58:05,31.5,100.0,21.0,25.10392038,121.2447143
08BEAC0A085E,2025-06-07,11:58:32,31.6,100.0,3.0,23.1428708,120.2732881
08BEAC0A0880,2025-06-07,12:00:03,30.0,100.0,2.0,23.7224119,120.3083761
08BEAC0A0420,2025-06-07,12:00:13,31.3,100.0,4.0,24.184925,120.667711
08BEAC0A04EE,2025-06-07,12:00:39,30.2,100.0,7.0,24.301515898772,120.71125566959
08BEAC0A07A2,2025-06-07,12:03:20,31.5,100.0,20.0,25.10392038,121.2447143
08BEAC0A085E,2025-06-07,12:03:48,31.6,100.0,3.0,23.1428708,120.2732881
08BEAC0A0880,2025-06-07,12:05:18,30.0,100.0,2.0,23.7224119,120.3083761
08BEAC0A0420,2025-06-07,12:05:27,31.2,100.0,4.0,24.184925,120.667711
08BEAC0A04EE,2025-06-07,12:05:53,30.3,100.0,7.0,24.301515898772,120.71125566959
08BEAC0A07A2,2025-06-07,12:08:34,31.3,100.0,18.0,25.10392038,121.2447143
08BEAC0A085E,2025-06-07,12:09:03,31.6,100.0,3.0,23.1428708,120.2732881
08BEAC0A0880,2025-06-07,12:10:32,29.8,100.0,2.0,23.7224119,120.3083761
08BEAC0A0420,2025-06-07,12:10:42,31.2,100.0,5.0,24.184925,120.667711
08BEAC0A04EE,2025-06-07,12:11:08,30.5,100.0,8.0,24.301515898772,120.71125566959
08BEAC0A07A2,2025-06-07,12:13:56,31.3,100.0,18.0,25.10392038,121.2447143
08BEAC0A085E,2025-06-07,12:14:17,31.7,100.0,3.0,23.1428708,120.2732881
08BEAC0A0880,2025-06-07,12:15:46,29.8,100.0,3.0,23.7224119,120.3083761
08BEAC0A0420,2025-06-07,12:15:59,31.2,100.0,5.0,24.184925,120.667711
08BEAC0A04EE,2025-06-07,12:16:22,30.3,100.0,8.0,24.301515898772,120.71125566959
08BEAC0A07A2,2025-06-07,12:19:10,31.3,100.0,18.0,25.10392038,121.2447143
08BEAC0A085E,2025-06-07,12:19:31,31.7,100.0,4.0,23.1428708,120.2732881
08BEAC0A0880,2025-06-07,12:21:00,29.8,100.0,2.0,23.7224119,120.3083761
08BEAC0A0420,2025-06-07,12:21:12,31.2,100.0,5.0,24.184925,120.667711
08BEAC0A04EE,2025-06-07,12:21:37,30.3,100.0,7.0,24.301515898772,120.71125566959
08BEAC0A07A2,2025-06-07,12:24:24,31.3,100.0,19.0,25.10392038,121.2447143
08BEAC0A085E,2025-06-07,12:24:45,31.7,100.0,4.0,23.1428708,120.2732881
08BEAC0A0880,2025-06-07,12:26:14,29.7,100.0,2.0,23.7224119,120.3083761
08BEAC0A0420,2025-06-07,12:26:26,31.0,100.0,4.0,24.184925,120.667711
08BEAC0A04EE,2025-06-07,12:26:53,30.1,100.0,8.0,24.301515898772,120.71125566959
08BEAC0A07A2,2025-06-07,12:29:57,31.2,100.0,18.0,25.10392038,121.2447143
08BEAC0A085E,2025-06-07,12:30:00,31.7,100.0,4.0,23.1428708,120.2732881
08BEAC0A0880,2025-06-07,12:31:30,29.6,100.0,2.0,23.7224119,120.3083761
08BEAC0A0420,2025-06-07,12:31:42,31.2,100.0,4.0,24.184925,120.667711
08BEAC0A04EE,2025-06-07,12:32:08,30.2,100.0,9.0,24.301515898772,120.71125566959
08BEAC0A07A2,2025-06-07,12:35:13,31.2,100.0,18.0,25.10392038,121.2447143
08BEAC0A085E,2025-06-07,12:35:14,31.7,100.0,4.0,23.1428708,120.2732881
08BEAC0A0880,2025-06-07,12:36:46,29.6,100.0,2.0,23.7224119,120.3083761
08BEAC0A0420,2025-06-07,12:36:56,31.2,100.0,4.0,24.184925,120.667711
08BEAC0A04EE,2025-06-07,12:37:21,30.2,100.0,8.0,24.301515898772,120.71125566959
08BEAC0A085E,2025-06-07,12:40:28,31.6,100.0,4.0,23.1428708,120.2732881
08BEAC0A07A2,2025-06-07,12:40:29,31.2,100.0,18.0,25.10392038,121.2447143
08BEAC0A0880,2025-06-07,12:41:59,29.5,100.0,2.0,23.7224119,120.3083761
08BEAC0A0420,2025-06-07,12:42:10,31.2,100.0,5.0,24.184925,120.667711
08BEAC0A04EE,2025-06-07,12:42:38,30.2,100.0,8.0,24.301515898772,120.71125566959
08BEAC0A085E,2025-06-07,12:45:42,31.5,100.0,4.0,23.1428708,120.2732881
08BEAC0A07A2,2025-06-07,12:45:44,31.2,100.0,19.0,25.10392038,121.2447143
08BEAC0A0880,2025-06-07,12:47:15,29.7,100.0,2.0,23.7224119,120.3083761
08BEAC0A0420,2025-06-07,12:47:25,31.2,100.0,5.0,24.184925,120.667711
08BEAC0A04EE,2025-06-07,12:47:52,30.3,100.0,10.0,24.301515898772,120.71125566959
08BEAC0A07A2,2025-06-07,12:50:57,31.2,100.0,19.0,25.10392038,121.2447143
08BEAC0A085E,2025-06-07,12:50:57,31.5,100.0,4.0,23.1428708,120.2732881
08BEAC0A0880,2025-06-07,12:52:31,29.8,100.0,2.0,23.7224119,120.3083761
08BEAC0A0420,2025-06-07,12:52:40,31.2,100.0,7.0,24.184925,120.667711
08BEAC0A04EE,2025-06-07,12:53:06,30.3,100.0,8.0,24.301515898772,120.71125566959
08BEAC0A085E,2025-06-07,12:56:10,31.5,100.0,4.0,23.1428708,120.2732881
08BEAC0A07A2,2025-06-07,12:56:12,31.2,100.0,18.0,25.10392038,121.2447143
08BEAC0A0880,2025-06-07,12:57:45,29.8,100.0,2.0,23.7224119,120.3083761
08BEAC0A0420,2025-06-07,12:57:54,31.2,100.0,6.0,24.184925,120.667711
08BEAC0A085E,2025-06-07,13:01:24,31.6,100.0,4.0,23.1428708,120.2732881
08BEAC0A07A2,2025-06-07,13:01:25,31.2,100.0,17.0,25.10392038,121.2447143
08BEAC0A0880,2025-06-07,13:03:01,29.8,100.0,3.0,23.7224119,120.3083761
08BEAC0A0420,2025-06-07,13:03:10,31.3,100.0,6.0,24.184925,120.667711
08BEAC0A04EE,2025-06-07,13:03:32,30.3,100.0,9.0,24.301515898772,120.71125566959
08BEAC0A085E,2025-06-07,13:06:40,31.5,100.0,5.0,23.1428708,120.2732881
08BEAC0A07A2,2025-06-07,13:06:58,31.3,100.0,17.0,25.10392038,121.2447143
08BEAC0A0880,2025-06-07,13:08:14,29.8,100.0,3.0,23.7224119,120.3083761
08BEAC0A0420,2025-06-07,13:08:26,31.3,100.0,5.0,24.184925,120.667711
08BEAC0A04EE,2025-06-07,13:08:47,30.3,100.0,8.0,24.301515898772,120.71125566959
08BEAC0A085E,2025-06-07,13:11:56,31.6,100.0,6.0,23.1428708,120.2732881
08BEAC0A07A2,2025-06-07,13:12:12,31.3,100.0,17.0,25.10392038,121.2447143
08BEAC0A0880,2025-06-07,13:13:29,30.0,100.0,3.0,23.7224119,120.3083761
08BEAC0A0420,2025-06-07,13:13:40,31.2,100.0,5.0,24.184925,120.667711
08BEAC0A04EE,2025-06-07,13:14:02,30.1,100.0,7.0,24.301515898772,120.71125566959
08BEAC0A085E,2025-06-07,13:17:12,31.5,100.0,6.0,23.1428708,120.2732881
08BEAC0A07A2,2025-06-07,13:17:26,31.3,100.0,17.0,25.10392038,121.2447143
08BEAC0A0880,2025-06-07,13:18:44,29.8,100.0,3.0,23.7224119,120.3083761
08BEAC0A0420,2025-06-07,13:18:54,31.2,100.0,5.0,24.184925,120.667711
08BEAC0A04EE,2025-06-07,13:19:17,30.0,100.0,7.0,24.301515898772,120.71125566959
08BEAC0A085E,2025-06-07,13:22:27,31.5,100.0,6.0,23.1428708,120.2732881
08BEAC0A0880,2025-06-07,13:23:59,29.8,100.0,3.0,23.7224119,120.3083761
08BEAC0A0420,2025-06-07,13:24:09,31.2,100.0,5.0,24.184925,120.667711
08BEAC0A04EE,2025-06-07,13:24:30,30.0,100.0,7.0,24.301515898772,120.71125566959
08BEAC0A085E,2025-06-07,13:27:40,31.3,100.0,5.0,23.1428708,120.2732881
08BEAC0A07A2,2025-06-07,13:28:24,31.2,100.0,17.0,25.10392038,121.2447143
08BEAC0A0880,2025-06-07,13:29:14,29.8,100.0,3.0,23.7224119,120.3083761
08BEAC0A0420,2025-06-07,13:29:24,31.2,100.0,6.0,24.184925,120.667711
08BEAC0A04EE,2025-06-07,13:29:46,30.0,100.0,7.0,24.301515898772,120.71125566959
08BEAC0A085E,2025-06-07,13:33:06,31.3,100.0,5.0,23.1428708,120.2732881
08BEAC0A07A2,2025-06-07,13:33:38,31.2,100.0,19.0,25.10392038,121.2447143
08BEAC0A0880,2025-06-07,13:34:28,29.8,100.0,3.0,23.7224119,120.3083761
08BEAC0A0420,2025-06-07,13:34:40,31.1,100.0,5.0,24.184925,120.667711
08BEAC0A04EE,2025-06-07,13:34:59,29.8,100.0,7.0,24.301515898772,120.71125566959
08BEAC0A085E,2025-06-07,13:38:21,31.2,100.0,4.0,23.1428708,120.2732881
08BEAC0A07A2,2025-06-07,13:38:51,31.1,100.0,19.0,25.10392038,121.2447143
08BEAC0A0880,2025-06-07,13:39:44,29.7,100.0,3.0,23.7224119,120.3083761
08BEAC0A0420,2025-06-07,13:39:55,30.8,100.0,5.0,24.184925,120.667711
08BEAC0A04EE,2025-06-07,13:40:13,29.8,100.0,6.0,24.301515898772,120.71125566959
08BEAC0A085E,2025-06-07,13:43:37,31.2,100.0,5.0,23.1428708,120.2732881
08BEAC0A07A2,2025-06-07,13:44:05,31.1,100.0,20.0,25.10392038,121.2447143
08BEAC0A0880,2025-06-07,13:44:58,29.6,100.0,3.0,23.7224119,120.3083761
08BEAC0A0420,2025-06-07,13:45:10,30.8,100.0,4.0,24.184925,120.667711
08BEAC0A04EE,2025-06-07,13:45:26,29.7,100.0,7.0,24.301515898772,120.71125566959
08BEAC0A085E,2025-06-07,13:48:53,31.1,100.0,5.0,23.1428708,120.2732881
08BEAC0A07A2,2025-06-07,13:49:19,31.1,100.0,21.0,25.10392038,121.2447143
08BEAC0A0880,2025-06-07,13:50:12,29.5,100.0,4.0,23.7224119,120.3083761
08BEAC0A0420,2025-06-07,13:50:27,30.8,100.0,5.0,24.184925,120.667711
08BEAC0A04EE,2025-06-07,13:50:40,29.7,100.0,7.0,24.301515898772,120.71125566959
08BEAC0A085E,2025-06-07,13:54:09,31.1,100.0,4.0,23.1428708,120.2732881
08BEAC0A07A2,2025-06-07,13:54:56,31.2,100.0,25.0,25.10392038,121.2447143
08BEAC0A0880,2025-06-07,13:55:25,29.6,100.0,3.0,23.7224119,120.3083761
08BEAC0A0420,2025-06-07,13:55:41,30.8,100.0,4.0,24.184925,120.667711
08BEAC0A04EE,2025-06-07,13:55:53,29.7,100.0,7.0,24.301515898772,120.71125566959
08BEAC0A085E,2025-06-07,13:59:23,31.2,100.0,4.0,23.1428708,120.2732881
08BEAC0A07A2,2025-06-07,14:00:09,31.2,100.0,25.0,25.10392038,121.2447143
08BEAC0A0880,2025-06-07,14:00:40,29.6,100.0,4.0,23.7224119,120.3083761
08BEAC0A0420,2025-06-07,14:00:56,31.0,100.0,5.0,24.184925,120.667711
08BEAC0A04EE,2025-06-07,14:01:07,29.6,100.0,7.0,24.301515898772,120.71125566959
08BEAC0A085E,2025-06-07,14:04:36,31.1,100.0,5.0,23.1428708,120.2732881
08BEAC0A07A2,2025-06-07,14:05:24,31.2,100.0,27.0,25.10392038,121.2447143
08BEAC0A0880,2025-06-07,14:05:54,29.7,100.0,4.0,23.7224119,120.3083761
08BEAC0A0420,2025-06-07,14:06:13,31.0,100.0,5.0,24.184925,120.667711
08BEAC0A04EE,2025-06-07,14:06:21,29.7,100.0,6.0,24.301515898772,120.71125566959
08BEAC0A085E,2025-06-07,14:09:51,31.0,100.0,6.0,23.1428708,120.2732881
08BEAC0A07A2,2025-06-07,14:10:40,31.2,100.0,27.0,25.10392038,121.2447143
08BEAC0A0880,2025-06-07,14:11:07,29.7,100.0,4.0,23.7224119,120.3083761
08BEAC0A0420,2025-06-07,14:11:29,31.0,100.0,4.0,24.184925,120.667711
08BEAC0A04EE,2025-06-07,14:11:34,29.7,100.0,5.0,24.301515898772,120.71125566959
08BEAC0A085E,2025-06-07,14:15:04,31.0,100.0,6.0,23.1428708,120.2732881
08BEAC0A0880,2025-06-07,14:16:22,29.6,100.0,5.0,23.7224119,120.3083761
08BEAC0A0420,2025-06-07,14:16:43,30.8,100.0,4.0,24.184925,120.667711
08BEAC0A04EE,2025-06-07,14:16:48,29.6,100.0,6.0,24.301515898772,120.71125566959
08BEAC0A085E,2025-06-07,14:20:17,30.8,100.0,5.0,23.1428708,120.2732881
08BEAC0A0880,2025-06-07,14:21:37,29.5,100.0,4.0,23.7224119,120.3083761
08BEAC0A0420,2025-06-07,14:21:58,31.1,100.0,4.0,24.184925,120.667711
08BEAC0A04EE,2025-06-07,14:22:04,29.6,100.0,6.0,24.301515898772,120.71125566959
08BEAC0A085E,2025-06-07,14:25:31,30.7,100.0,6.0,23.1428708,120.2732881
08BEAC0A0880,2025-06-07,14:26:50,29.6,100.0,4.0,23.7224119,120.3083761
08BEAC0A0420,2025-06-07,14:27:13,31.1,100.0,4.0,24.184925,120.667711
08BEAC0A07A2,2025-06-07,14:27:14,31.2,100.0,26.0,25.10392038,121.2447143
08BEAC0A04EE,2025-06-07,14:27:16,29.6,100.0,6.0,24.301515898772,120.71125566959
08BEAC0A085E,2025-06-07,14:30:46,30.7,100.0,6.0,23.1428708,120.2732881
08BEAC0A0880,2025-06-07,14:32:05,29.7,100.0,3.0,23.7224119,120.3083761
08BEAC0A0420,2025-06-07,14:32:28,31.1,100.0,4.0,24.184925,120.667711
08BEAC0A07A2,2025-06-07,14:32:29,31.2,100.0,23.0,25.10392038,121.2447143
08BEAC0A04EE,2025-06-07,14:32:31,29.6,100.0,6.0,24.301515898772,120.71125566959
08BEAC0A085E,2025-06-07,14:36:00,30.6,100.0,7.0,23.1428708,120.2732881
08BEAC0A0880,2025-06-07,14:37:21,29.7,100.0,2.0,23.7224119,120.3083761
08BEAC0A0420,2025-06-07,14:37:43,31.1,100.0,4.0,24.184925,120.667711
08BEAC0A04EE,2025-06-07,14:37:46,29.6,100.0,6.0,24.301515898772,120.71125566959
08BEAC0A07A2,2025-06-07,14:37:46,31.2,100.0,23.0,25.10392038,121.2447143
08BEAC0A085E,2025-06-07,14:41:14,30.6,100.0,9.0,23.1428708,120.2732881
08BEAC0A0880,2025-06-07,14:42:36,29.7,100.0,3.0,23.7224119,120.3083761
08BEAC0A0420,2025-06-07,14:42:59,31.1,100.0,4.0,24.184925,120.667711
08BEAC0A07A2,2025-06-07,14:43:00,31.2,100.0,23.0,25.10392038,121.2447143
08BEAC0A04EE,2025-06-07,14:43:01,29.6,100.0,5.0,24.301515898772,120.71125566959
08BEAC0A085E,2025-06-07,14:46:28,30.6,100.0,8.0,23.1428708,120.2732881
08BEAC0A0420,2025-06-07,14:48:14,31.2,100.0,4.0,24.184925,120.667711
08BEAC0A04EE,2025-06-07,14:48:15,29.5,100.0,6.0,24.301515898772,120.71125566959
08BEAC0A07A2,2025-06-07,14:48:30,31.2,100.0,23.0,25.10392038,121.2447143
08BEAC0A085E,2025-06-07,14:51:46,30.6,100.0,8.0,23.1428708,120.2732881
08BEAC0A0420,2025-06-07,14:53:28,31.1,100.0,4.0,24.184925,120.667711
08BEAC0A04EE,2025-06-07,14:53:33,29.5,100.0,6.0,24.301515898772,120.71125566959
08BEAC0A07A2,2025-06-07,14:53:48,31.2,100.0,24.0,25.10392038,121.2447143
08BEAC0A085E,2025-06-07,14:57:01,30.5,100.0,8.0,23.1428708,120.2732881
08BEAC0A0420,2025-06-07,14:58:42,31.1,100.0,4.0,24.184925,120.667711
08BEAC0A04EE,2025-06-07,14:58:47,29.5,100.0,6.0,24.301515898772,120.71125566959
08BEAC0A07A2,2025-06-07,14:59:03,31.2,100.0,25.0,25.10392038,121.2447143
08BEAC0A085E,2025-06-07,15:02:17,30.3,100.0,9.0,23.1428708,120.2732881
08BEAC0A0420,2025-06-07,15:03:56,31.0,100.0,4.0,24.184925,120.667711
08BEAC0A04EE,2025-06-07,15:04:01,29.6,100.0,7.0,24.301515898772,120.71125566959
08BEAC0A085E,2025-06-07,15:07:30,30.3,100.0,8.0,23.1428708,120.2732881
08BEAC0A0420,2025-06-07,15:09:12,31.1,100.0,4.0,24.184925,120.667711
08BEAC0A04EE,2025-06-07,15:09:15,29.6,100.0,7.0,24.301515898772,120.71125566959
08BEAC0A07A2,2025-06-07,15:09:41,31.2,100.0,23.0,25.10392038,121.2447143
08BEAC0A085E,2025-06-07,15:12:44,30.2,100.0,9.0,23.1428708,120.2732881
08BEAC0A0420,2025-06-07,15:14:26,31.1,100.0,4.0,24.184925,120.667711
08BEAC0A04EE,2025-06-07,15:14:29,29.6,100.0,7.0,24.301515898772,120.71125566959
08BEAC0A07A2,2025-06-07,15:14:56,31.2,100.0,24.0,25.10392038,121.2447143
08BEAC0A085E,2025-06-07,15:18:00,30.1,100.0,9.0,23.1428708,120.2732881
08BEAC0A0420,2025-06-07,15:19:40,31.0,100.0,4.0,24.184925,120.667711
08BEAC0A04EE,2025-06-07,15:19:43,29.7,100.0,7.0,24.301515898772,120.71125566959
08BEAC0A07A2,2025-06-07,15:20:13,31.2,100.0,24.0,25.10392038,121.2447143
08BEAC0A085E,2025-06-07,15:23:15,30.1,100.0,8.0,23.1428708,120.2732881
08BEAC0A0420,2025-06-07,15:24:55,31.1,100.0,4.0,24.184925,120.667711
08BEAC0A04EE,2025-06-07,15:24:57,29.7,100.0,7.0,24.301515898772,120.71125566959
08BEAC0A07A2,2025-06-07,15:25:29,31.3,100.0,23.0,25.10392038,121.2447143
08BEAC0A085E,2025-06-07,15:28:29,30.1,100.0,9.0,23.1428708,120.2732881
08BEAC0A0420,2025-06-07,15:30:09,31.0,100.0,4.0,24.184925,120.667711
08BEAC0A04EE,2025-06-07,15:30:11,29.7,100.0,7.0,24.301515898772,120.71125566959
08BEAC0A07A2,2025-06-07,15:30:44,31.3,100.0,26.0,25.10392038,121.2447143
08BEAC0A085E,2025-06-07,15:33:44,30.0,100.0,9.0,23.1428708,120.2732881
08BEAC0A0420,2025-06-07,15:35:25,30.8,100.0,4.0,24.184925,120.667711
08BEAC0A04EE,2025-06-07,15:35:25,29.8,100.0,7.0,24.301515898772,120.71125566959
08BEAC0A07A2,2025-06-07,15:35:59,31.3,100.0,25.0,25.10392038,121.2447143
08BEAC0A085E,2025-06-07,15:39:00,30.0,100.0,8.0,23.1428708,120.2732881
08BEAC0A0420,2025-06-07,15:40:40,30.8,100.0,4.0,24.184925,120.667711
08BEAC0A07A2,2025-06-07,15:41:12,31.3,100.0,25.0,25.10392038,121.2447143
08BEAC0A085E,2025-06-07,15:44:15,29.8,100.0,9.0,23.1428708,120.2732881
08BEAC0A04EE,2025-06-07,15:45:50,29.7,100.0,6.0,24.301515898772,120.71125566959
08BEAC0A0420,2025-06-07,15:45:53,30.8,100.0,5.0,24.184925,120.667711
08BEAC0A07A2,2025-06-07,15:46:26,31.3,100.0,24.0,25.10392038,121.2447143
08BEAC0A085E,2025-06-07,15:49:30,29.8,100.0,9.0,23.1428708,120.2732881
08BEAC0A04EE,2025-06-07,15:51:05,29.7,100.0,7.0,24.301515898772,120.71125566959
08BEAC0A0420,2025-06-07,15:51:07,30.8,100.0,5.0,24.184925,120.667711
08BEAC0A07A2,2025-06-07,15:51:40,31.3,100.0,23.0,25.10392038,121.2447143
08BEAC0A085E,2025-06-07,15:54:44,29.7,100.0,9.0,23.1428708,120.2732881
08BEAC0A04EE,2025-06-07,15:56:20,29.6,100.0,7.0,24.301515898772,120.71125566959
08BEAC0A0420,2025-06-07,15:56:23,30.7,100.0,4.0,24.184925,120.667711
08BEAC0A07A2,2025-06-07,15:57:03,31.3,100.0,25.0,25.10392038,121.2447143
08BEAC0A085E,2025-06-07,15:59:57,29.7,100.0,8.0,23.1428708,120.2732881
08BEAC0A04EE,2025-06-07,16:01:36,29.6,100.0,7.0,24.301515898772,120.71125566959
08BEAC0A0420,2025-06-07,16:01:38,30.7,100.0,5.0,24.184925,120.667711
08BEAC0A07A2,2025-06-07,16:02:17,31.2,100.0,28.0,25.10392038,121.2447143
08BEAC0A085E,2025-06-07,16:05:12,29.7,100.0,9.0,23.1428708,120.2732881
08BEAC0A04EE,2025-06-07,16:06:49,29.6,100.0,7.0,24.301515898772,120.71125566959
08BEAC0A0420,2025-06-07,16:06:51,30.5,100.0,5.0,24.184925,120.667711
08BEAC0A07A2,2025-06-07,16:07:31,31.2,100.0,28.0,25.10392038,121.2447143
08BEAC0A085E,2025-06-07,16:10:26,29.7,100.0,8.0,23.1428708,120.2732881
08BEAC0A04EE,2025-06-07,16:12:04,29.6,100.0,7.0,24.301515898772,120.71125566959
08BEAC0A0420,2025-06-07,16:12:05,30.6,100.0,5.0,24.184925,120.667711
08BEAC0A07A2,2025-06-07,16:12:55,31.2,100.0,32.0,25.10392038,121.2447143
08BEAC0A085E,2025-06-07,16:15:41,29.7,100.0,8.0,23.1428708,120.2732881
08BEAC0A04EE,2025-06-07,16:17:17,29.6,100.0,7.0,24.301515898772,120.71125566959
08BEAC0A0420,2025-06-07,16:17:20,30.3,100.0,5.0,24.184925,120.667711
08BEAC0A07A2,2025-06-07,16:18:12,31.2,100.0,33.0,25.10392038,121.2447143
08BEAC0A085E,2025-06-07,16:20:54,29.7,100.0,8.0,23.1428708,120.2732881
08BEAC0A04EE,2025-06-07,16:22:31,29.5,100.0,8.0,24.301515898772,120.71125566959
08BEAC0A0420,2025-06-07,16:22:35,30.3,100.0,5.0,24.184925,120.667711
08BEAC0A07A2,2025-06-07,16:23:26,31.2,100.0,35.0,25.10392038,121.2447143
08BEAC0A085E,2025-06-07,16:26:09,29.8,100.0,8.0,23.1428708,120.2732881
08BEAC0A04EE,2025-06-07,16:27:46,29.5,100.0,8.0,24.301515898772,120.71125566959
08BEAC0A0420,2025-06-07,16:27:48,30.3,100.0,5.0,24.184925,120.667711
08BEAC0A07A2,2025-06-07,16:28:43,31.2,100.0,33.0,25.10392038,121.2447143
08BEAC0A085E,2025-06-07,16:31:24,29.8,100.0,9.0,23.1428708,120.2732881
08BEAC0A04EE,2025-06-07,16:33:01,29.5,100.0,7.0,24.301515898772,120.71125566959
08BEAC0A0420,2025-06-07,16:33:04,30.5,100.0,5.0,24.184925,120.667711
08BEAC0A07A2,2025-06-07,16:33:59,31.2,100.0,33.0,25.10392038,121.2447143
08BEAC0A085E,2025-06-07,16:36:39,29.8,100.0,7.0,23.1428708,120.2732881
08BEAC0A04EE,2025-06-07,16:38:18,29.5,100.0,8.0,24.301515898772,120.71125566959
08BEAC0A0420,2025-06-07,16:38:19,30.6,100.0,5.0,24.184925,120.667711
08BEAC0A07A2,2025-06-07,16:39:15,31.1,100.0,34.0,25.10392038,121.2447143
08BEAC0A085E,2025-06-07,16:41:54,29.8,100.0,8.0,23.1428708,120.2732881
08BEAC0A04EE,2025-06-07,16:43:32,29.5,100.0,8.0,24.301515898772,120.71125566959
08BEAC0A0420,2025-06-07,16:43:35,30.6,100.0,6.0,24.184925,120.667711
08BEAC0A07A2,2025-06-07,16:44:29,31.1,100.0,31.0,25.10392038,121.2447143
08BEAC0A085E,2025-06-07,16:47:08,30.0,100.0,8.0,23.1428708,120.2732881
08BEAC0A04EE,2025-06-07,16:48:46,29.5,100.0,8.0,24.301515898772,120.71125566959
08BEAC0A0420,2025-06-07,16:48:51,30.6,100.0,5.0,24.184925,120.667711
08BEAC0A07A2,2025-06-07,16:49:42,31.1,100.0,29.0,25.10392038,121.2447143
08BEAC0A085E,2025-06-07,16:52:27,30.0,100.0,9.0,23.1428708,120.2732881
08BEAC0A04EE,2025-06-07,16:54:01,29.3,100.0,7.0,24.301515898772,120.71125566959
08BEAC0A0420,2025-06-07,16:54:06,30.5,100.0,5.0,24.184925,120.667711
08BEAC0A07A2,2025-06-07,16:54:58,31.1,100.0,32.0,25.10392038,121.2447143
08BEAC0A085E,2025-06-07,16:57:51,30.0,100.0,8.0,23.1428708,120.2732881
08BEAC0A04EE,2025-06-07,16:59:14,29.3,100.0,6.0,24.301515898772,120.71125566959
08BEAC0A0420,2025-06-07,16:59:22,30.6,100.0,6.0,24.184925,120.667711
08BEAC0A07A2,2025-06-07,17:00:13,31.1,100.0,32.0,25.10392038,121.2447143
08BEAC0A085E,2025-06-07,17:03:28,30.0,100.0,8.0,23.1428708,120.2732881
08BEAC0A04EE,2025-06-07,17:04:29,29.5,100.0,7.0,24.301515898772,120.71125566959
08BEAC0A0420,2025-06-07,17:04:38,30.6,100.0,6.0,24.184925,120.667711
08BEAC0A07A2,2025-06-07,17:05:27,31.1,100.0,32.0,25.10392038,121.2447143
08BEAC0A085E,2025-06-07,17:08:45,29.8,100.0,8.0,23.1428708,120.2732881
08BEAC0A04EE,2025-06-07,17:09:42,29.6,100.0,7.0,24.301515898772,120.71125566959
08BEAC0A0420,2025-06-07,17:09:52,30.6,100.0,6.0,24.184925,120.667711
08BEAC0A07A2,2025-06-07,17:10:42,31.1,100.0,32.0,25.10392038,121.2447143
08BEAC0A085E,2025-06-07,17:14:03,29.8,100.0,8.0,23.1428708,120.2732881
08BEAC0A04EE,2025-06-07,17:14:56,29.5,100.0,7.0,24.301515898772,120.71125566959
08BEAC0A0420,2025-06-07,17:15:05,30.6,100.0,6.0,24.184925,120.667711
08BEAC0A07A2,2025-06-07,17:15:58,31.2,100.0,32.0,25.10392038,121.2447143
08BEAC0A085E,2025-06-07,17:19:17,30.0,100.0,8.0,23.1428708,120.2732881
08BEAC0A04EE,2025-06-07,17:20:12,29.5,100.0,7.0,24.301515898772,120.71125566959
08BEAC0A0420,2025-06-07,17:20:20,30.5,100.0,6.0,24.184925,120.667711
08BEAC0A07A2,2025-06-07,17:21:13,31.2,100.0,34.0,25.10392038,121.2447143
08BEAC0A085E,2025-06-07,17:24:32,30.0,100.0,7.0,23.1428708,120.2732881
08BEAC0A04EE,2025-06-07,17:25:25,29.5,100.0,7.0,24.301515898772,120.71125566959
08BEAC0A0420,2025-06-07,17:25:36,30.5,100.0,6.0,24.184925,120.667711
08BEAC0A07A2,2025-06-07,17:26:27,31.0,100.0,37.0,25.10392038,121.2447143
08BEAC0A085E,2025-06-07,17:29:46,30.0,100.0,7.0,23.1428708,120.2732881
08BEAC0A04EE,2025-06-07,17:30:39,29.5,100.0,8.0,24.301515898772,120.71125566959
08BEAC0A0420,2025-06-07,17:30:49,30.6,100.0,6.0,24.184925,120.667711
08BEAC0A07A2,2025-06-07,17:31:41,31.0,100.0,35.0,25.10392038,121.2447143
08BEAC0A085E,2025-06-07,17:35:09,30.0,100.0,7.0,23.1428708,120.2732881
08BEAC0A04EE,2025-06-07,17:35:54,29.5,100.0,8.0,24.301515898772,120.71125566959
08BEAC0A0420,2025-06-07,17:36:04,30.6,100.0,6.0,24.184925,120.667711
08BEAC0A07A2,2025-06-07,17:36:57,31.0,100.0,34.0,25.10392038,121.2447143
08BEAC0A085E,2025-06-07,17:40:24,30.1,100.0,8.0,23.1428708,120.2732881
08BEAC0A04EE,2025-06-07,17:41:10,29.3,100.0,8.0,24.301515898772,120.71125566959
08BEAC0A0420,2025-06-07,17:41:18,30.5,100.0,6.0,24.184925,120.667711
08BEAC0A07A2,2025-06-07,17:42:10,31.0,100.0,36.0,25.10392038,121.2447143
08BEAC0A085E,2025-06-07,17:45:39,30.0,100.0,8.0,23.1428708,120.2732881
08BEAC0A04EE,2025-06-07,17:46:23,29.5,100.0,8.0,24.301515898772,120.71125566959
08BEAC0A0420,2025-06-07,17:46:33,30.6,100.0,5.0,24.184925,120.667711
08BEAC0A07A2,2025-06-07,17:47:23,31.0,100.0,37.0,25.10392038,121.2447143
08BEAC0A085E,2025-06-07,17:51:08,30.0,100.0,8.0,23.1428708,120.2732881
08BEAC0A04EE,2025-06-07,17:51:37,29.5,100.0,9.0,24.301515898772,120.71125566959
08BEAC0A0420,2025-06-07,17:51:48,30.6,100.0,5.0,24.184925,120.667711
08BEAC0A07A2,2025-06-07,17:52:37,31.0,100.0,39.0,25.10392038,121.2447143
08BEAC0A085E,2025-06-07,17:56:21,30.0,100.0,8.0,23.1428708,120.2732881
08BEAC0A04EE,2025-06-07,17:56:52,29.6,100.0,8.0,24.301515898772,120.71125566959
08BEAC0A0420,2025-06-07,17:57:04,30.6,100.0,6.0,24.184925,120.667711
08BEAC0A07A2,2025-06-07,17:57:52,31.0,100.0,42.0,25.10392038,121.2447143
08BEAC0A085E,2025-06-07,18:01:35,29.7,100.0,9.0,23.1428708,120.2732881
08BEAC0A04EE,2025-06-07,18:02:07,29.6,100.0,9.0,24.301515898772,120.71125566959
08BEAC0A07A2,2025-06-07,18:03:11,30.8,100.0,42.0,25.10392038,121.2447143
08BEAC0A085E,2025-06-07,18:07:41,29.7,100.0,10.0,23.1428708,120.2732881
08BEAC0A04EE,2025-06-07,18:08:05,29.7,100.0,8.0,24.301515898772,120.71125566959
08BEAC0A07A2,2025-06-07,18:08:25,30.8,100.0,41.0,25.10392038,121.2447143
08BEAC0A085E,2025-06-07,18:12:56,29.6,100.0,9.0,23.1428708,120.2732881
08BEAC0A04EE,2025-06-07,18:13:21,29.7,100.0,11.0,24.301515898772,120.71125566959
08BEAC0A07A2,2025-06-07,18:13:40,31.0,100.0,39.0,25.10392038,121.2447143
08BEAC0A085E,2025-06-07,18:18:11,29.6,100.0,10.0,23.1428708,120.2732881
08BEAC0A04EE,2025-06-07,18:18:35,29.7,100.0,10.0,24.301515898772,120.71125566959
08BEAC0A07A2,2025-06-07,18:19:00,30.8,100.0,38.0,25.10392038,121.2447143
08BEAC0A085E,2025-06-07,18:23:26,29.7,100.0,10.0,23.1428708,120.2732881
08BEAC0A04EE,2025-06-07,18:23:49,29.7,100.0,10.0,24.301515898772,120.71125566959
08BEAC0A07A2,2025-06-07,18:24:16,31.0,100.0,37.0,25.10392038,121.2447143
08BEAC0A085E,2025-06-07,18:28:39,29.7,100.0,11.0,23.1428708,120.2732881
08BEAC0A04EE,2025-06-07,18:29:02,29.7,100.0,9.0,24.301515898772,120.71125566959
08BEAC0A07A2,2025-06-07,18:29:30,31.1,100.0,36.0,25.10392038,121.2447143
08BEAC0A085E,2025-06-07,18:33:53,29.7,100.0,10.0,23.1428708,120.2732881
08BEAC0A04EE,2025-06-07,18:34:16,29.7,100.0,11.0,24.301515898772,120.71125566959
08BEAC0A07A2,2025-06-07,18:35:06,31.0,100.0,41.0,25.10392038,121.2447143
08BEAC0A085E,2025-06-07,18:39:09,29.7,100.0,10.0,23.1428708,120.2732881
08BEAC0A04EE,2025-06-07,18:39:29,29.7,100.0,10.0,24.301515898772,120.71125566959
08BEAC0A085E,2025-06-07,18:44:24,29.8,100.0,11.0,23.1428708,120.2732881
08BEAC0A04EE,2025-06-07,18:44:45,29.7,100.0,11.0,24.301515898772,120.71125566959
08BEAC0A07A2,2025-06-07,18:46:03,31.0,100.0,38.0,25.10392038,121.2447143
08BEAC0A085E,2025-06-07,18:49:39,29.8,100.0,11.0,23.1428708,120.2732881
08BEAC0A04EE,2025-06-07,18:49:59,29.6,100.0,10.0,24.301515898772,120.71125566959
08BEAC0A07A2,2025-06-07,18:52:32,31.0,100.0,36.0,25.10392038,121.2447143
08BEAC0A085E,2025-06-07,18:54:53,29.8,100.0,11.0,23.1428708,120.2732881
08BEAC0A04EE,2025-06-07,18:55:13,29.6,100.0,9.0,24.301515898772,120.71125566959
08BEAC0A07A2,2025-06-07,18:57:48,31.1,100.0,34.0,25.10392038,121.2447143
08BEAC0A085E,2025-06-07,19:00:07,29.8,100.0,10.0,23.1428708,120.2732881
08BEAC0A04EE,2025-06-07,19:00:28,29.5,100.0,9.0,24.301515898772,120.71125566959
08BEAC0A07A2,2025-06-07,19:03:05,31.1,100.0,34.0,25.10392038,121.2447143
08BEAC0A085E,2025-06-07,19:05:20,29.7,100.0,10.0,23.1428708,120.2732881
08BEAC0A04EE,2025-06-07,19:05:42,29.5,100.0,10.0,24.301515898772,120.71125566959
08BEAC0A07A2,2025-06-07,19:08:19,31.0,100.0,29.0,25.10392038,121.2447143
08BEAC0A085E,2025-06-07,19:10:33,29.7,100.0,10.0,23.1428708,120.2732881
08BEAC0A04EE,2025-06-07,19:10:57,29.2,100.0,10.0,24.301515898772,120.71125566959
08BEAC0A07A2,2025-06-07,19:13:34,31.0,100.0,24.0,25.10392038,121.2447143
08BEAC0A085E,2025-06-07,19:15:46,29.7,100.0,10.0,23.1428708,120.2732881
08BEAC0A04EE,2025-06-07,19:16:12,29.2,100.0,9.0,24.301515898772,120.71125566959
08BEAC0A085E,2025-06-07,19:21:00,29.6,100.0,10.0,23.1428708,120.2732881
08BEAC0A04EE,2025-06-07,19:21:27,29.2,100.0,10.0,24.301515898772,120.71125566959
08BEAC0A07A2,2025-06-07,19:24:28,30.8,100.0,19.0,25.10392038,121.2447143
08BEAC0A085E,2025-06-07,19:26:14,29.6,100.0,10.0,23.1428708,120.2732881
08BEAC0A04EE,2025-06-07,19:26:40,29.2,100.0,9.0,24.301515898772,120.71125566959
08BEAC0A07A2,2025-06-07,19:29:44,30.7,100.0,17.0,25.10392038,121.2447143
08BEAC0A085E,2025-06-07,19:31:29,29.7,100.0,10.0,23.1428708,120.2732881
08BEAC0A04EE,2025-06-07,19:31:54,29.1,100.0,9.0,24.301515898772,120.71125566959
08BEAC0A07A2,2025-06-07,19:35:02,30.6,100.0,15.0,25.10392038,121.2447143
08BEAC0A085E,2025-06-07,19:36:43,29.7,100.0,10.0,23.1428708,120.2732881
08BEAC0A04EE,2025-06-07,19:37:09,29.1,100.0,8.0,24.301515898772,120.71125566959
08BEAC0A07A2,2025-06-07,19:40:16,30.7,100.0,14.0,25.10392038,121.2447143
08BEAC0A085E,2025-06-07,19:41:58,29.8,100.0,10.0,23.1428708,120.2732881
08BEAC0A04EE,2025-06-07,19:42:22,29.1,100.0,9.0,24.301515898772,120.71125566959
08BEAC0A07A2,2025-06-07,19:45:31,30.8,100.0,17.0,25.10392038,121.2447143
08BEAC0A085E,2025-06-07,19:47:14,29.7,100.0,10.0,23.1428708,120.2732881
08BEAC0A04EE,2025-06-07,19:47:36,29.2,100.0,9.0,24.301515898772,120.71125566959
08BEAC0A07A2,2025-06-07,19:50:47,30.8,100.0,17.0,25.10392038,121.2447143
08BEAC0A085E,2025-06-07,19:52:28,29.8,100.0,9.0,23.1428708,120.2732881
08BEAC0A04EE,2025-06-07,19:52:49,29.1,100.0,9.0,24.301515898772,120.71125566959
08BEAC0A07A2,2025-06-07,19:56:00,30.8,100.0,21.0,25.10392038,121.2447143
08BEAC0A085E,2025-06-07,19:57:44,29.8,100.0,9.0,23.1428708,120.2732881
08BEAC0A04EE,2025-06-07,19:58:04,29.1,100.0,9.0,24.301515898772,120.71125566959
08BEAC0A07A2,2025-06-07,20:01:15,30.8,100.0,23.0,25.10392038,121.2447143
08BEAC0A085E,2025-06-07,20:02:57,29.8,100.0,9.0,23.1428708,120.2732881
08BEAC0A04EE,2025-06-07,20:03:18,29.0,100.0,9.0,24.301515898772,120.71125566959
08BEAC0A07A2,2025-06-07,20:06:31,30.7,100.0,23.0,25.10392038,121.2447143
08BEAC0A085E,2025-06-07,20:08:11,29.8,100.0,8.0,23.1428708,120.2732881
08BEAC0A04EE,2025-06-07,20:08:33,29.1,100.0,9.0,24.301515898772,120.71125566959
08BEAC0A07A2,2025-06-07,20:11:47,30.7,100.0,26.0,25.10392038,121.2447143
08BEAC0A085E,2025-06-07,20:13:26,29.8,100.0,8.0,23.1428708,120.2732881
08BEAC0A07A2,2025-06-07,20:17:00,30.7,100.0,29.0,25.10392038,121.2447143
08BEAC0A085E,2025-06-07,20:18:40,29.8,100.0,8.0,23.1428708,120.2732881
08BEAC0A04EE,2025-06-07,20:18:57,29.1,100.0,10.0,24.301515898772,120.71125566959
08BEAC0A07A2,2025-06-07,20:22:15,30.8,100.0,32.0,25.10392038,121.2447143
08BEAC0A085E,2025-06-07,20:23:53,30.0,100.0,9.0,23.1428708,120.2732881
08BEAC0A04EE,2025-06-07,20:24:12,29.1,100.0,9.0,24.301515898772,120.71125566959
08BEAC0A07A2,2025-06-07,20:27:28,31.0,100.0,31.0,25.10392038,121.2447143
08BEAC0A085E,2025-06-07,20:29:07,30.0,100.0,9.0,23.1428708,120.2732881
08BEAC0A04EE,2025-06-07,20:29:27,29.0,100.0,9.0,24.301515898772,120.71125566959
08BEAC0A07A2,2025-06-07,20:32:58,31.0,100.0,27.0,25.10392038,121.2447143
08BEAC0A085E,2025-06-07,20:34:22,30.0,100.0,8.0,23.1428708,120.2732881
08BEAC0A04EE,2025-06-07,20:34:42,29.0,100.0,9.0,24.301515898772,120.71125566959
08BEAC0A07A2,2025-06-07,20:38:12,31.0,100.0,22.0,25.10392038,121.2447143
08BEAC0A085E,2025-06-07,20:39:37,30.0,100.0,9.0,23.1428708,120.2732881
08BEAC0A04EE,2025-06-07,20:39:57,29.0,100.0,10.0,24.301515898772,120.71125566959
08BEAC0A07A2,2025-06-07,20:43:32,30.8,100.0,20.0,25.10392038,121.2447143
08BEAC0A085E,2025-06-07,20:44:51,30.0,100.0,8.0,23.1428708,120.2732881
08BEAC0A04EE,2025-06-07,20:45:12,29.0,100.0,9.0,24.301515898772,120.71125566959
08BEAC0A085E,2025-06-07,20:50:06,30.0,100.0,8.0,23.1428708,120.2732881
08BEAC0A04EE,2025-06-07,20:50:26,28.8,100.0,10.0,24.301515898772,120.71125566959
08BEAC0A0880,2025-06-07,20:51:36,29.0,100.0,4.0,23.7224119,120.3083761
08BEAC0A07A2,2025-06-07,20:54:30,30.7,100.0,21.0,25.10392038,121.2447143
08BEAC0A085E,2025-06-07,20:55:20,30.0,100.0,8.0,23.1428708,120.2732881
08BEAC0A04EE,2025-06-07,20:55:40,28.8,100.0,11.0,24.301515898772,120.71125566959
08BEAC0A0880,2025-06-07,20:56:52,29.0,100.0,5.0,23.7224119,120.3083761
08BEAC0A07A2,2025-06-07,20:59:48,30.8,100.0,20.0,25.10392038,121.2447143
08BEAC0A085E,2025-06-07,21:00:36,30.1,100.0,8.0,23.1428708,120.2732881
08BEAC0A04EE,2025-06-07,21:00:54,29.0,100.0,11.0,24.301515898772,120.71125566959
08BEAC0A0880,2025-06-07,21:02:14,28.8,100.0,4.0,23.7224119,120.3083761
08BEAC0A07A2,2025-06-07,21:05:06,30.8,100.0,18.0,25.10392038,121.2447143
08BEAC0A085E,2025-06-07,21:05:50,30.0,100.0,9.0,23.1428708,120.2732881
08BEAC0A04EE,2025-06-07,21:06:08,28.8,100.0,11.0,24.301515898772,120.71125566959
08BEAC0A0880,2025-06-07,21:07:27,28.8,100.0,4.0,23.7224119,120.3083761
08BEAC0A07A2,2025-06-07,21:10:23,30.8,100.0,19.0,25.10392038,121.2447143
08BEAC0A085E,2025-06-07,21:11:05,29.8,100.0,8.0,23.1428708,120.2732881
08BEAC0A04EE,2025-06-07,21:11:23,28.7,100.0,12.0,24.301515898772,120.71125566959
08BEAC0A0880,2025-06-07,21:12:50,28.8,100.0,5.0,23.7224119,120.3083761
08BEAC0A07A2,2025-06-07,21:15:38,30.7,100.0,17.0,25.10392038,121.2447143
08BEAC0A085E,2025-06-07,21:16:21,29.8,100.0,7.0,23.1428708,120.2732881
08BEAC0A04EE,2025-06-07,21:16:37,28.8,100.0,12.0,24.301515898772,120.71125566959
08BEAC0A0880,2025-06-07,21:18:04,28.8,100.0,4.0,23.7224119,120.3083761
08BEAC0A07A2,2025-06-07,21:20:52,30.6,100.0,15.0,25.10392038,121.2447143
08BEAC0A085E,2025-06-07,21:21:35,29.8,100.0,8.0,23.1428708,120.2732881
08BEAC0A04EE,2025-06-07,21:21:51,29.0,100.0,14.0,24.301515898772,120.71125566959
08BEAC0A0880,2025-06-07,21:23:28,28.7,100.0,5.0,23.7224119,120.3083761
08BEAC0A07A2,2025-06-07,21:26:05,30.6,100.0,13.0,25.10392038,121.2447143
08BEAC0A085E,2025-06-07,21:26:49,29.7,100.0,7.0,23.1428708,120.2732881
08BEAC0A04EE,2025-06-07,21:27:05,28.8,100.0,16.0,24.301515898772,120.71125566959
08BEAC0A0880,2025-06-07,21:28:42,28.7,100.0,4.0,23.7224119,120.3083761
08BEAC0A07A2,2025-06-07,21:31:19,30.6,100.0,12.0,25.10392038,121.2447143
08BEAC0A085E,2025-06-07,21:32:04,29.7,100.0,7.0,23.1428708,120.2732881
08BEAC0A04EE,2025-06-07,21:32:21,29.0,100.0,14.0,24.301515898772,120.71125566959
08BEAC0A0880,2025-06-07,21:34:04,28.6,100.0,4.0,23.7224119,120.3083761
08BEAC0A07A2,2025-06-07,21:36:33,30.5,100.0,11.0,25.10392038,121.2447143
08BEAC0A085E,2025-06-07,21:37:20,29.7,100.0,7.0,23.1428708,120.2732881
08BEAC0A04EE,2025-06-07,21:37:35,29.0,100.0,15.0,24.301515898772,120.71125566959
08BEAC0A0880,2025-06-07,21:39:19,28.7,100.0,4.0,23.7224119,120.3083761
08BEAC0A07A2,2025-06-07,21:41:46,30.5,100.0,11.0,25.10392038,121.2447143
08BEAC0A085E,2025-06-07,21:42:34,29.7,100.0,7.0,23.1428708,120.2732881
08BEAC0A04EE,2025-06-07,21:42:51,29.0,100.0,17.0,24.301515898772,120.71125566959
08BEAC0A0880,2025-06-07,21:44:37,28.8,100.0,5.0,23.7224119,120.3083761
08BEAC0A07A2,2025-06-07,21:47:04,30.5,100.0,11.0,25.10392038,121.2447143
08BEAC0A085E,2025-06-07,21:47:48,29.7,100.0,7.0,23.1428708,120.2732881
08BEAC0A04EE,2025-06-07,21:48:05,29.0,100.0,18.0,24.301515898772,120.71125566959
08BEAC0A0880,2025-06-07,21:49:50,28.8,100.0,4.0,23.7224119,120.3083761
08BEAC0A07A2,2025-06-07,21:52:23,30.3,100.0,10.0,25.10392038,121.2447143
08BEAC0A085E,2025-06-07,21:53:02,29.8,100.0,8.0,23.1428708,120.2732881
08BEAC0A04EE,2025-06-07,21:53:19,29.0,100.0,17.0,24.301515898772,120.71125566959
08BEAC0A0880,2025-06-07,21:55:05,28.8,100.0,4.0,23.7224119,120.3083761
08BEAC0A07A2,2025-06-07,21:57:38,30.3,100.0,10.0,25.10392038,121.2447143
08BEAC0A085E,2025-06-07,21:58:16,30.0,100.0,7.0,23.1428708,120.2732881
08BEAC0A04EE,2025-06-07,21:58:36,29.0,100.0,19.0,24.301515898772,120.71125566959
08BEAC0A0880,2025-06-07,22:00:20,28.8,100.0,3.0,23.7224119,120.3083761
08BEAC0A07A2,2025-06-07,22:02:52,30.3,100.0,10.0,25.10392038,121.2447143
08BEAC0A085E,2025-06-07,22:03:31,30.0,100.0,9.0,23.1428708,120.2732881
08BEAC0A04EE,2025-06-07,22:03:51,29.0,100.0,17.0,24.301515898772,120.71125566959
08BEAC0A0880,2025-06-07,22:05:37,28.8,100.0,4.0,23.7224119,120.3083761
08BEAC0A07A2,2025-06-07,22:08:05,30.5,100.0,9.0,25.10392038,121.2447143
08BEAC0A085E,2025-06-07,22:08:46,30.1,100.0,9.0,23.1428708,120.2732881
08BEAC0A04EE,2025-06-07,22:09:04,29.0,100.0,16.0,24.301515898772,120.71125566959
08BEAC0A0880,2025-06-07,22:10:50,29.0,100.0,5.0,23.7224119,120.3083761
08BEAC0A07A2,2025-06-07,22:13:32,30.3,100.0,9.0,25.10392038,121.2447143
08BEAC0A04EE,2025-06-07,22:14:20,29.1,100.0,17.0,24.301515898772,120.71125566959
08BEAC0A0880,2025-06-07,22:16:05,29.0,100.0,4.0,23.7224119,120.3083761
08BEAC0A07A2,2025-06-07,22:18:47,30.3,100.0,10.0,25.10392038,121.2447143
08BEAC0A085E,2025-06-07,22:19:13,29.8,100.0,7.0,23.1428708,120.2732881
08BEAC0A04EE,2025-06-07,22:19:35,29.1,100.0,18.0,24.301515898772,120.71125566959
08BEAC0A0880,2025-06-07,22:21:20,29.1,100.0,5.0,23.7224119,120.3083761
08BEAC0A07A2,2025-06-07,22:24:07,30.2,100.0,10.0,25.10392038,121.2447143
08BEAC0A085E,2025-06-07,22:24:27,30.0,100.0,7.0,23.1428708,120.2732881
08BEAC0A04EE,2025-06-07,22:24:50,29.1,100.0,18.0,24.301515898772,120.71125566959
08BEAC0A0880,2025-06-07,22:26:34,29.1,100.0,4.0,23.7224119,120.3083761
08BEAC0A07A2,2025-06-07,22:29:21,30.2,100.0,10.0,25.10392038,121.2447143
08BEAC0A085E,2025-06-07,22:29:43,30.0,100.0,8.0,23.1428708,120.2732881
08BEAC0A04EE,2025-06-07,22:30:04,29.1,100.0,19.0,24.301515898772,120.71125566959
08BEAC0A0880,2025-06-07,22:31:47,29.3,100.0,4.0,23.7224119,120.3083761
08BEAC0A07A2,2025-06-07,22:34:35,30.2,100.0,9.0,25.10392038,121.2447143
08BEAC0A085E,2025-06-07,22:34:58,30.0,100.0,8.0,23.1428708,120.2732881
08BEAC0A04EE,2025-06-07,22:35:19,29.1,100.0,19.0,24.301515898772,120.71125566959
08BEAC0A0880,2025-06-07,22:37:02,29.5,100.0,4.0,23.7224119,120.3083761
08BEAC0A07A2,2025-06-07,22:39:51,30.2,100.0,10.0,25.10392038,121.2447143
08BEAC0A085E,2025-06-07,22:40:14,30.0,100.0,7.0,23.1428708,120.2732881
08BEAC0A04EE,2025-06-07,22:40:34,29.0,100.0,18.0,24.301515898772,120.71125566959
08BEAC0A0880,2025-06-07,22:42:16,29.7,100.0,4.0,23.7224119,120.3083761
08BEAC0A07A2,2025-06-07,22:45:07,30.1,100.0,10.0,25.10392038,121.2447143
08BEAC0A085E,2025-06-07,22:45:28,30.0,100.0,7.0,23.1428708,120.2732881
08BEAC0A04EE,2025-06-07,22:45:49,29.1,100.0,20.0,24.301515898772,120.71125566959
08BEAC0A0880,2025-06-07,22:47:30,29.7,100.0,4.0,23.7224119,120.3083761
08BEAC0A07A2,2025-06-07,22:50:27,30.1,100.0,11.0,25.10392038,121.2447143
08BEAC0A085E,2025-06-07,22:50:42,30.1,100.0,8.0,23.1428708,120.2732881
08BEAC0A04EE,2025-06-07,22:51:02,29.1,100.0,19.0,24.301515898772,120.71125566959
08BEAC0A0880,2025-06-07,22:52:45,29.8,100.0,4.0,23.7224119,120.3083761
08BEAC0A07A2,2025-06-07,22:55:45,30.2,100.0,11.0,25.10392038,121.2447143
08BEAC0A085E,2025-06-07,22:55:58,30.2,100.0,8.0,23.1428708,120.2732881
08BEAC0A04EE,2025-06-07,22:56:16,29.2,100.0,19.0,24.301515898772,120.71125566959
08BEAC0A0880,2025-06-07,22:57:59,30.0,100.0,3.0,23.7224119,120.3083761
08BEAC0A07A2,2025-06-07,23:01:01,30.2,100.0,11.0,25.10392038,121.2447143
08BEAC0A085E,2025-06-07,23:01:12,30.2,100.0,9.0,23.1428708,120.2732881
08BEAC0A04EE,2025-06-07,23:01:30,29.3,100.0,16.0,24.301515898772,120.71125566959
08BEAC0A07A2,2025-06-07,23:06:14,30.2,100.0,12.0,25.10392038,121.2447143
08BEAC0A085E,2025-06-07,23:06:25,30.3,100.0,9.0,23.1428708,120.2732881
08BEAC0A04EE,2025-06-07,23:06:44,29.5,100.0,15.0,24.301515898772,120.71125566959
08BEAC0A0880,2025-06-07,23:08:25,30.1,100.0,3.0,23.7224119,120.3083761
08BEAC0A07A2,2025-06-07,23:11:35,30.2,100.0,12.0,25.10392038,121.2447143
08BEAC0A085E,2025-06-07,23:11:38,30.3,100.0,9.0,23.1428708,120.2732881
08BEAC0A04EE,2025-06-07,23:11:58,29.5,100.0,15.0,24.301515898772,120.71125566959
08BEAC0A0880,2025-06-07,23:13:41,30.0,100.0,3.0,23.7224119,120.3083761
08BEAC0A07A2,2025-06-07,23:16:49,30.3,100.0,12.0,25.10392038,121.2447143
08BEAC0A085E,2025-06-07,23:16:52,30.5,100.0,8.0,23.1428708,120.2732881
08BEAC0A04EE,2025-06-07,23:17:12,29.6,100.0,14.0,24.301515898772,120.71125566959
08BEAC0A0880,2025-06-07,23:18:58,30.0,100.0,3.0,23.7224119,120.3083761
08BEAC0A085E,2025-06-07,23:22:06,30.5,100.0,9.0,23.1428708,120.2732881
08BEAC0A07A2,2025-06-07,23:22:13,30.6,100.0,13.0,25.10392038,121.2447143
08BEAC0A04EE,2025-06-07,23:22:25,29.5,100.0,14.0,24.301515898772,120.71125566959
08BEAC0A0880,2025-06-07,23:24:11,30.0,100.0,4.0,23.7224119,120.3083761
08BEAC0A085E,2025-06-07,23:27:19,30.5,100.0,9.0,23.1428708,120.2732881
08BEAC0A07A2,2025-06-07,23:27:27,30.6,100.0,12.0,25.10392038,121.2447143
08BEAC0A04EE,2025-06-07,23:27:40,29.6,100.0,15.0,24.301515898772,120.71125566959
08BEAC0A0880,2025-06-07,23:29:27,30.3,100.0,3.0,23.7224119,120.3083761
08BEAC0A085E,2025-06-07,23:32:33,30.6,100.0,9.0,23.1428708,120.2732881
08BEAC0A07A2,2025-06-07,23:32:41,30.6,100.0,13.0,25.10392038,121.2447143
08BEAC0A04EE,2025-06-07,23:32:54,29.6,100.0,13.0,24.301515898772,120.71125566959
08BEAC0A0880,2025-06-07,23:34:42,30.5,100.0,3.0,23.7224119,120.3083761
08BEAC0A085E,2025-06-07,23:37:46,30.7,100.0,9.0,23.1428708,120.2732881
08BEAC0A07A2,2025-06-07,23:37:55,30.5,100.0,13.0,25.10392038,121.2447143
08BEAC0A04EE,2025-06-07,23:38:08,29.5,100.0,11.0,24.301515898772,120.71125566959
08BEAC0A0880,2025-06-07,23:39:57,30.6,100.0,3.0,23.7224119,120.3083761
08BEAC0A085E,2025-06-07,23:42:59,30.8,100.0,11.0,23.1428708,120.2732881
08BEAC0A07A2,2025-06-07,23:43:08,30.5,100.0,14.0,25.10392038,121.2447143
08BEAC0A04EE,2025-06-07,23:43:22,29.7,100.0,16.0,24.301515898772,120.71125566959
08BEAC0A0880,2025-06-07,23:45:13,31.0,100.0,3.0,23.7224119,120.3083761
08BEAC0A085E,2025-06-07,23:48:12,31.0,100.0,11.0,23.1428708,120.2732881
08BEAC0A07A2,2025-06-07,23:48:24,30.6,100.0,15.0,25.10392038,121.2447143
08BEAC0A04EE,2025-06-07,23:48:37,29.5,100.0,12.0,24.301515898772,120.71125566959
08BEAC0A0880,2025-06-07,23:50:28,31.3,100.0,4.0,23.7224119,120.3083761
08BEAC0A085E,2025-06-07,23:53:27,31.0,100.0,11.0,23.1428708,120.2732881
08BEAC0A07A2,2025-06-07,23:53:41,30.8,100.0,15.0,25.10392038,121.2447143
08BEAC0A04EE,2025-06-07,23:53:51,29.5,100.0,12.0,24.301515898772,120.71125566959
